intgndr,intagea,vdcond,resclq,proddate,cntry,idno,prewhp,presd,preppil,preorel,prenrel,predk,prenap,prena,resundq,resbab,intlnga,intnum
1,60,face-to-face,3,2024-06-04,PT,16865,0,0,0,0,0,0,0,1,1,1,SPA,5535
1,59,face-to-face,1,2024-06-12,GB,27687,1,0,0,0,0,0,0,0,1,1,ENG,8284
1,50,face-to-face,1,2024-12-12,NO,56967,0,0,0,0,1,0,0,0,1,1,ENG,6825
1,51,face-to-face,2,2024-10-31,ES,67091,1,0,0,0,0,0,0,0,0,1,SPA,9220
2,35,online,1,2023-03-13,DK,24279,0,0,0,0,0,0,0,0,1,0,ENG,8397
2,49,face-to-face,2,2023-05-27,FI,55750,1,0,0,0,0,0,0,0,1,0,ENG,2034
2,55,face-to-face,2,2024-01-09,SE,66553,0,0,0,0,1,0,0,0,0,0,ENG,8840
2,31,telephone,2,2022-12-11,CH,54153,0,0,0,0,0,0,0,0,0,0,GER,7623
1,38,telephone,1,2022-09-26,CH,16206,0,0,0,0,0,0,0,0,1,0,GER,6877
2,20,online,1,2022-03-29,FI,25245,0,0,0,0,0,0,0,0,0,0,ENG,8544
1,61,face-to-face,2,2024-06-09,AT,79972,0,0,0,0,1,0,1,0,1,1,GER,4849
2,63,face-to-face,3,2023-05-04,IE,36321,0,0,0,0,1,0,1,0,1,1,ENG,9376
1,39,online,2,2024-11-10,AT,78518,0,0,0,0,0,0,1,0,1,1,GER,4959
2,56,telephone,2,2023-02-17,CH,43087,1,0,1,1,0,0,1,0,1,1,GER,1860
1,72,face-to-face,3,2023-02-10,SE,59488,0,1,1,0,0,0,0,0,1,1,ENG,1246
1,70,face-to-face,3,2022-08-23,ES,14810,0,0,0,0,0,0,0,0,1,1,SPA,1388
2,58,telephone,3,2024-01-21,FR,87438,0,0,0,1,1,0,0,0,1,1,FRE,5221
2,29,online,1,2024-05-18,CH,53177,0,1,0,0,1,0,1,0,1,1,GER,9382
2,57,face-to-face,1,2023-12-23,IT,39302,1,0,0,0,0,0,1,0,1,0,ENG,4747
2,28,online,2,2022-04-01,FI,41954,0,0,0,0,1,0,1,1,1,0,ENG,9194
1,66,face-to-face,2,2023-05-07,SE,92352,0,0,1,1,1,0,0,0,1,0,ENG,2564
1,47,telephone,1,2022-08-05,NO,83959,0,0,0,0,1,0,0,1,1,1,ENG,8009
1,56,telephone,3,2022-08-27,DK,96608,0,0,1,0,0,0,1,0,1,1,ENG,9195
1,52,face-to-face,3,2022-08-01,ES,97393,0,0,0,0,0,0,1,0,0,1,SPA,2763
1,82,face-to-face,3,2022-08-28,GB,69590,0,0,0,1,0,0,0,0,1,1,ENG,4660
2,42,telephone,1,2024-11-16,SE,80474,0,0,0,0,1,0,1,0,1,0,ENG,8660
1,38,online,1,2022-11-08,GB,25399,0,0,0,1,0,0,0,0,0,1,ENG,9556
1,44,face-to-face,2,2024-06-27,IE,22478,1,0,0,0,0,0,0,1,0,0,ENG,1140
1,54,face-to-face,3,2024-04-20,IE,66867,0,0,0,0,0,0,0,1,0,1,ENG,1235
1,31,online,1,2024-01-13,PT,48728,0,0,1,0,0,0,1,0,0,0,SPA,7516
2,39,online,2,2024-03-02,ES,49426,0,0,0,0,0,0,1,0,0,1,SPA,6452
2,38,online,2,2022-12-08,PT,81020,0,0,0,1,0,0,1,1,0,1,SPA,5922
2,45,telephone,1,2024-02-08,IT,83672,0,0,0,0,0,0,1,0,0,0,ENG,2442
2,61,face-to-face,3,2024-06-11,DE,71036,0,0,0,0,0,0,0,0,0,0,GER,9590
1,47,face-to-face,3,2023-09-16,NL,65835,0,0,0,0,0,0,1,0,0,0,ENG,8062
2,55,face-to-face,3,2023-02-12,CH,70389,0,0,0,0,0,0,0,0,1,1,GER,1108
1,49,telephone,3,2024-05-05,IT,21375,1,0,0,0,1,0,0,0,1,0,ENG,4693
2,46,face-to-face,1,2022-02-07,IT,82584,0,0,1,0,0,0,0,0,1,1,ENG,2882
2,53,telephone,1,2024-04-10,CH,66604,0,0,0,0,0,0,0,0,1,1,GER,9431
2,43,face-to-face,1,2024-10-08,GB,68336,1,0,1,1,0,0,0,0,1,1,ENG,2946
1,48,face-to-face,1,2023-09-13,NO,62055,0,0,0,0,1,0,0,0,1,1,ENG,1415
1,47,telephone,2,2023-06-29,PT,18959,0,0,0,0,1,0,0,0,1,1,SPA,3014
2,18,telephone,1,2024-03-21,DE,91337,0,0,0,0,0,0,0,0,1,0,GER,8848
2,33,online,1,2024-07-07,DE,52781,0,0,0,0,0,1,0,0,1,1,GER,1488
2,44,telephone,1,2023-07-27,AT,94440,0,0,1,0,0,0,0,0,1,1,GER,3352
2,43,face-to-face,1,2022-11-25,ES,39988,1,0,0,0,0,0,0,0,1,1,SPA,3908
2,40,face-to-face,2,2023-07-15,AT,80732,0,0,0,1,0,0,0,0,0,1,GER,7360
2,57,face-to-face,2,2023-09-02,DK,40921,0,0,1,0,0,0,1,0,1,1,ENG,5722
2,32,online,2,2024-12-31,FI,39621,0,0,1,0,0,0,0,0,0,0,ENG,4219
1,64,face-to-face,3,2023-01-18,SE,23817,1,0,0,0,0,0,1,0,1,1,ENG,7138
2,54,face-to-face,3,2024-12-08,IE,80458,0,0,0,1,1,0,0,0,1,1,ENG,9709
1,53,telephone,3,2024-11-20,FR,28123,0,0,0,0,0,0,0,0,1,1,FRE,2290
2,44,face-to-face,2,2024-11-14,AT,21416,0,0,0,0,0,0,1,0,1,1,GER,2501
2,40,face-to-face,3,2024-10-21,AT,40259,0,0,0,0,0,0,0,0,1,1,GER,6051
2,25,online,3,2022-11-06,FR,75516,0,0,0,0,1,0,0,0,0,0,FRE,8568
2,34,online,3,2022-05-17,GB,67820,0,0,0,0,1,0,1,0,1,1,ENG,3421
1,65,face-to-face,2,2022-07-16,NO,83724,1,0,0,0,0,0,0,0,0,0,ENG,2231
2,45,face-to-face,1,2024-10-17,NL,31741,0,0,0,0,0,0,0,0,1,1,ENG,8218
1,59,face-to-face,1,2023-03-08,NO,16307,1,0,0,0,0,1,0,0,1,0,ENG,8124
1,34,online,1,2023-05-20,DK,25845,0,0,0,1,0,0,1,0,1,0,ENG,3284
1,56,face-to-face,3,2023-04-21,ES,64313,0,0,0,0,0,0,1,1,1,1,SPA,9611
2,43,telephone,1,2023-07-11,NL,80060,0,0,0,0,0,0,1,0,0,1,ENG,9236
2,45,face-to-face,2,2022-03-01,FI,44209,0,0,1,0,1,1,0,0,1,0,ENG,4570
2,62,face-to-face,1,2023-05-29,NO,27579,0,0,0,0,0,0,0,0,1,1,ENG,3385
2,50,face-to-face,1,2024-08-07,IT,71776,0,0,1,0,0,0,0,0,1,0,ENG,4636
2,60,face-to-face,3,2022-08-03,FI,75627,1,0,0,0,0,0,1,0,0,0,ENG,2565
2,44,telephone,3,2022-05-01,AT,72694,0,1,0,1,1,0,1,1,1,1,GER,8220
1,49,face-to-face,1,2022-10-17,FI,28295,0,0,0,0,1,0,0,0,1,0,ENG,1085
2,44,face-to-face,1,2022-09-24,GB,61883,0,0,0,0,0,0,1,0,1,1,ENG,4173
1,47,face-to-face,1,2023-01-27,NL,30806,0,0,1,0,1,0,1,0,1,1,ENG,1463
2,41,face-to-face,1,2023-04-22,GB,40953,0,1,0,1,1,0,1,0,1,1,ENG,4441
1,48,face-to-face,2,2022-01-04,FR,56936,0,0,0,0,0,0,1,0,1,1,FRE,7862
2,57,face-to-face,1,2024-08-24,IE,28511,1,0,1,0,0,0,0,0,1,1,ENG,1319
2,73,telephone,3,2024-07-10,PT,94228,0,0,0,1,0,1,0,1,1,1,SPA,3072
2,41,face-to-face,2,2023-04-10,FI,30160,0,0,0,0,1,0,1,0,1,1,ENG,4336
2,63,face-to-face,1,2024-04-10,BE,85144,1,0,0,0,0,0,0,0,1,1,FRE,1072
1,69,telephone,2,2024-10-17,AT,82853,0,0,0,0,0,0,0,0,1,0,GER,1582
1,50,telephone,1,2022-04-25,IT,19420,0,0,0,1,0,0,0,0,0,0,ENG,5884
1,49,telephone,1,2023-12-09,NL,68056,0,0,1,0,0,0,1,0,0,1,ENG,6674
1,60,face-to-face,2,2022-07-08,IT,70307,0,0,0,0,1,0,0,1,1,1,ENG,2368
2,36,online,2,2022-07-13,SE,45081,0,0,1,0,0,0,1,1,1,1,ENG,1603
1,46,face-to-face,1,2024-01-09,PT,47048,0,0,0,1,0,0,0,1,1,0,SPA,3301
2,53,face-to-face,1,2023-09-19,GB,97103,1,0,0,0,1,0,1,0,1,1,ENG,9596
1,37,online,1,2024-07-25,CH,38176,0,0,1,0,1,0,0,0,1,1,GER,9875
1,54,face-to-face,1,2023-01-17,CH,14161,0,0,0,0,1,0,1,0,1,1,GER,7922
2,34,online,2,2022-12-15,IE,45208,0,0,0,0,0,0,1,0,1,0,ENG,5416
2,32,online,2,2022-03-03,IE,87410,0,0,0,0,0,0,0,0,0,0,ENG,1842
1,37,online,1,2023-03-18,CH,51921,0,0,0,0,0,0,0,0,1,1,GER,7532
1,48,telephone,3,2023-12-31,GB,89722,1,0,0,0,1,0,0,0,1,1,ENG,2978
1,50,face-to-face,1,2023-08-11,NO,73532,0,0,0,0,0,0,0,0,1,0,ENG,5963
1,50,telephone,2,2022-12-12,PT,53418,1,0,0,0,0,0,0,0,0,0,SPA,6542
2,54,telephone,1,2024-01-19,ES,33615,0,0,0,0,0,0,1,0,0,0,SPA,9065
1,56,face-to-face,3,2024-10-07,IT,97187,0,0,1,0,0,0,1,1,1,1,ENG,3641
2,43,telephone,1,2023-11-02,PT,60284,0,0,1,0,1,0,1,0,1,1,SPA,4170
2,53,telephone,2,2022-04-22,GB,56494,0,0,0,0,0,1,1,0,1,0,ENG,3646
2,42,telephone,1,2023-05-22,BE,59811,0,0,0,0,0,0,0,0,0,1,FRE,8708
1,46,face-to-face,1,2023-07-30,SE,65095,0,0,1,0,1,0,0,0,1,0,ENG,7005
2,28,online,3,2023-09-22,FI,79680,0,1,0,0,0,0,0,0,1,1,ENG,7260
2,77,telephone,2,2023-02-13,BE,41957,0,0,0,0,1,0,1,0,1,1,FRE,2051
2,25,telephone,1,2024-12-21,IE,15228,0,0,0,0,0,0,1,0,1,1,ENG,7205
2,45,face-to-face,1,2023-05-08,IE,24804,1,0,0,0,1,0,1,0,1,1,ENG,1024
2,68,telephone,3,2023-09-10,NO,51334,0,1,1,0,1,1,1,0,1,1,ENG,7607
1,60,face-to-face,1,2022-07-05,CH,21514,0,0,0,0,0,0,0,0,1,1,GER,1389
2,43,face-to-face,3,2022-08-09,SE,85956,0,0,1,0,1,0,0,0,0,0,ENG,8415
1,43,face-to-face,2,2023-08-21,AT,78181,1,0,0,0,0,0,1,0,1,0,GER,2498
2,66,telephone,1,2024-07-04,FR,32278,0,0,0,0,0,0,0,1,1,1,FRE,6777
2,47,face-to-face,1,2024-10-28,IE,96029,0,0,0,0,0,0,0,0,1,0,ENG,8355
1,59,face-to-face,3,2024-10-05,PT,39046,0,1,0,1,0,0,0,0,0,0,SPA,1982
2,62,face-to-face,1,2023-05-25,BE,85069,0,0,0,0,0,0,1,0,1,1,FRE,6375
1,31,online,1,2024-03-23,AT,88172,0,0,0,1,0,0,1,0,1,1,GER,9983
2,33,online,2,2022-03-19,FR,49389,1,0,0,0,0,0,1,1,0,0,FRE,5182
1,52,face-to-face,3,2022-06-28,NO,80095,0,0,1,0,0,0,0,0,1,0,ENG,4353
2,47,telephone,1,2023-01-13,CH,77651,0,0,1,0,0,0,1,1,1,1,GER,7720
1,53,face-to-face,2,2023-04-30,IT,32460,0,1,0,0,0,0,1,0,1,1,ENG,2868
2,51,face-to-face,1,2023-06-16,DE,55758,0,0,0,0,0,0,0,0,1,1,GER,5434
2,45,telephone,3,2022-02-12,NO,16648,0,0,0,0,1,0,0,0,1,0,ENG,3059
1,43,telephone,2,2024-07-09,FR,90846,1,0,0,0,0,0,1,0,0,0,FRE,7073
1,60,face-to-face,1,2024-08-24,ES,63732,0,0,0,0,0,0,1,0,1,1,SPA,5238
1,54,face-to-face,3,2023-02-13,IT,68365,0,0,1,0,0,0,1,0,1,1,ENG,7268
2,54,telephone,3,2022-10-01,NL,46068,0,0,0,0,0,0,0,0,1,1,ENG,5730
1,60,face-to-face,2,2023-09-12,SE,99211,1,0,0,0,0,0,0,1,0,0,ENG,4520
2,43,telephone,1,2023-01-10,AT,41690,1,1,0,0,0,0,0,1,0,0,GER,5570
2,25,online,1,2024-07-24,IT,30472,1,0,0,0,0,0,0,0,1,1,ENG,2984
2,38,online,2,2023-02-09,GB,66363,0,0,0,0,0,0,0,0,1,1,ENG,3942
2,47,face-to-face,1,2023-06-28,FI,14916,0,1,1,0,1,0,1,0,1,1,ENG,2189
1,56,face-to-face,3,2022-01-17,IT,30016,0,0,0,0,0,0,0,0,0,0,ENG,4329
1,46,telephone,1,2022-03-13,FI,47054,1,0,0,1,0,0,1,0,1,1,ENG,6253
2,50,face-to-face,3,2024-09-20,FI,64731,0,0,1,1,0,0,0,0,0,0,ENG,2249
1,54,telephone,1,2022-03-03,DK,17171,0,0,0,0,0,0,1,0,1,1,ENG,2037
1,47,telephone,1,2024-04-02,NL,14490,0,0,0,0,0,0,0,0,0,1,ENG,5080
1,55,face-to-face,1,2024-07-18,DK,10922,0,0,0,0,1,0,1,0,1,1,ENG,2752
2,41,face-to-face,1,2022-03-27,DE,78367,0,0,0,0,0,0,0,0,1,0,GER,2123
1,48,face-to-face,2,2022-01-04,CH,17692,0,0,0,0,0,0,0,0,1,0,GER,8588
1,62,telephone,2,2023-10-27,IT,29506,0,0,0,0,0,0,0,0,1,1,ENG,5443
2,55,telephone,1,2023-12-25,FR,67642,0,0,0,0,0,0,0,0,0,1,FRE,4451
2,73,telephone,1,2024-07-05,NL,33247,0,1,0,0,0,0,0,0,0,0,ENG,2314
2,33,online,2,2023-02-23,GB,36884,0,0,0,1,1,1,1,1,0,0,ENG,3397
1,55,telephone,2,2023-02-20,AT,99192,0,0,1,0,0,0,1,0,1,1,GER,4920
1,41,face-to-face,3,2022-10-17,CH,64263,0,0,0,0,1,0,0,0,1,1,GER,8322
2,65,face-to-face,1,2022-03-20,PT,45098,0,0,0,0,0,0,0,0,1,1,SPA,1147
1,58,telephone,2,2024-11-01,IE,89867,0,1,0,1,0,0,0,0,1,1,ENG,9704
1,44,face-to-face,2,2022-06-16,NL,72370,0,1,0,0,0,0,1,0,0,1,ENG,3079
2,37,online,1,2024-07-16,FR,61461,0,0,0,0,0,0,0,1,1,0,FRE,3160
1,57,telephone,2,2024-02-25,IT,62729,1,0,0,0,1,1,0,0,1,1,ENG,7718
1,34,telephone,1,2023-05-16,GB,16500,0,0,0,0,0,0,0,1,1,1,ENG,9016
1,36,telephone,3,2024-06-08,FI,79723,1,0,0,0,0,0,0,1,0,1,ENG,7513
2,65,face-to-face,2,2023-09-17,NL,26655,1,0,0,0,0,0,0,0,1,1,ENG,1080
2,45,face-to-face,1,2022-08-14,DE,55586,0,0,1,1,1,0,0,1,1,0,GER,4015
1,53,telephone,2,2022-10-16,DK,42345,0,0,1,0,1,0,0,0,1,1,ENG,2836
2,44,face-to-face,3,2023-04-05,GB,44412,0,0,1,0,1,0,1,0,0,1,ENG,3418
2,46,telephone,3,2024-08-27,FI,16597,0,0,0,0,0,0,0,1,1,1,ENG,3344
2,26,online,3,2022-11-11,SE,79891,0,0,0,0,0,0,0,0,1,1,ENG,2573
1,39,online,2,2023-07-30,CH,64910,0,0,0,0,0,0,1,1,0,0,GER,3449
1,56,face-to-face,2,2023-04-05,PT,49952,0,0,0,0,0,0,0,0,1,1,SPA,9949
1,63,telephone,2,2022-06-30,FR,22744,0,0,0,0,0,0,0,0,1,0,FRE,9474
1,35,online,1,2022-09-21,ES,25308,0,0,0,0,0,1,1,0,1,0,SPA,2288
1,44,face-to-face,1,2023-09-17,CH,98763,0,0,0,0,0,1,1,1,1,1,GER,6069
1,47,telephone,1,2022-08-20,ES,16289,0,0,0,0,0,0,0,0,1,1,SPA,1751
1,37,telephone,1,2023-04-04,GB,44032,0,0,0,0,0,0,0,1,0,1,ENG,8510
2,44,telephone,1,2023-01-26,FI,23378,0,0,0,0,1,0,0,0,0,0,ENG,3261
1,44,face-to-face,2,2024-06-09,GB,21531,0,0,0,0,0,0,0,0,1,0,ENG,6686
2,64,face-to-face,2,2022-01-03,FI,52279,1,0,0,0,1,0,0,0,1,1,ENG,5973
2,64,face-to-face,1,2023-02-21,FI,43923,1,0,0,0,0,0,1,0,1,1,ENG,9062
1,57,face-to-face,2,2022-05-02,FI,71103,0,0,0,0,1,0,0,0,1,1,ENG,2539
2,35,telephone,2,2022-12-24,IT,89167,0,0,0,0,1,1,1,0,1,1,ENG,5704
2,52,face-to-face,1,2023-03-11,IT,19051,1,0,0,0,0,0,0,0,1,1,ENG,2438
1,61,face-to-face,2,2024-05-27,GB,35510,0,0,0,0,0,0,0,0,0,0,ENG,1532
1,52,face-to-face,1,2023-09-02,BE,68320,0,0,0,0,1,0,1,0,1,0,FRE,6181
2,22,telephone,1,2024-06-11,DK,74945,0,1,0,0,0,0,0,0,0,1,ENG,8880
1,50,face-to-face,2,2023-04-15,NO,48283,1,0,0,1,0,0,0,0,1,0,ENG,3851
2,63,telephone,3,2023-08-13,NO,48571,0,0,0,0,0,0,0,0,0,0,ENG,8501
1,55,face-to-face,1,2022-08-29,NO,30233,0,0,0,0,0,0,1,0,1,1,ENG,5365
2,42,telephone,2,2024-10-01,FR,41442,1,0,0,1,0,0,0,0,1,1,FRE,3619
2,49,telephone,3,2022-09-04,DE,85709,0,0,0,0,1,0,1,1,0,0,GER,8563
1,56,face-to-face,2,2023-12-23,FR,17310,1,0,0,1,0,0,0,0,0,0,FRE,8888
2,34,online,2,2023-08-09,CH,35221,1,0,1,0,0,0,0,0,0,0,GER,7432
1,37,telephone,2,2024-01-13,PT,14311,0,0,0,0,0,0,0,1,0,1,SPA,5396
2,61,face-to-face,1,2022-07-19,SE,88536,0,0,0,0,1,0,1,0,1,0,ENG,5322
2,29,online,1,2023-01-23,SE,38574,0,1,0,0,0,0,0,0,1,1,ENG,9963
2,62,face-to-face,1,2023-12-09,CH,21743,0,0,0,0,0,0,1,0,1,1,GER,8745
2,56,face-to-face,2,2024-03-14,GB,69081,0,0,0,0,0,0,1,0,0,0,ENG,2195
2,30,online,1,2022-02-01,AT,44069,0,0,0,0,0,0,1,0,1,1,GER,8876
2,27,online,3,2022-04-25,AT,10801,0,0,0,0,0,0,0,0,1,1,GER,9207
1,44,face-to-face,1,2022-06-21,PT,65282,0,1,0,0,1,0,1,1,1,0,SPA,6985
2,48,face-to-face,3,2024-03-15,FR,73391,0,1,0,0,1,0,0,1,1,0,FRE,3348
2,59,face-to-face,1,2023-01-02,GB,45208,0,0,0,0,1,0,0,0,1,1,ENG,7682
2,45,face-to-face,1,2022-12-21,GB,44040,1,0,0,0,0,0,0,0,1,0,ENG,3404
1,50,face-to-face,1,2024-11-05,AT,30360,0,0,0,0,0,0,1,1,1,1,GER,1988
2,60,telephone,1,2022-03-05,FI,24740,1,0,0,0,0,0,0,0,0,1,ENG,9332
2,59,telephone,1,2024-07-20,PT,62674,1,0,0,0,1,0,1,0,1,1,SPA,8053
1,41,face-to-face,2,2023-02-26,BE,30572,0,1,0,0,0,0,0,0,0,1,FRE,4803
2,49,telephone,2,2024-07-27,ES,31239,0,0,0,0,1,0,0,0,1,0,SPA,6179
2,50,face-to-face,1,2022-05-29,NO,86018,1,0,0,0,1,0,0,0,1,0,ENG,7748
2,59,face-to-face,2,2023-06-01,AT,96254,0,0,0,0,1,0,1,1,1,1,GER,5943
2,58,telephone,1,2023-04-21,ES,57072,1,0,0,0,0,0,1,1,1,1,SPA,1623
2,44,telephone,1,2024-01-07,CH,92656,0,0,0,0,0,0,0,0,1,1,GER,4603
1,42,face-to-face,3,2024-10-05,IT,10231,0,0,0,0,0,0,0,0,0,1,ENG,2424
1,28,online,3,2024-07-18,SE,43731,1,0,0,0,0,0,1,0,0,0,ENG,2313
2,63,face-to-face,1,2023-02-01,ES,52642,0,0,0,0,1,0,0,0,1,0,SPA,7212
2,33,online,1,2024-10-20,CH,76114,0,0,0,0,1,0,0,0,1,1,GER,4962
2,62,telephone,1,2024-09-29,ES,51703,1,0,0,0,0,0,1,0,0,0,SPA,3497
2,44,face-to-face,2,2023-03-12,NO,43127,1,0,0,0,0,0,0,0,1,1,ENG,7202
1,40,face-to-face,1,2022-06-29,FI,88586,0,0,1,0,0,0,0,1,1,1,ENG,8074
2,61,telephone,2,2024-11-21,PT,62649,0,0,0,0,0,0,0,1,0,0,SPA,5479
1,40,telephone,2,2024-02-24,NO,55830,1,0,0,0,1,0,0,0,0,1,ENG,9106
1,44,telephone,2,2023-12-22,AT,63452,0,1,0,0,0,0,0,0,1,1,GER,7613
2,68,telephone,2,2024-08-13,NL,24896,0,0,0,0,0,0,0,0,1,0,ENG,2444
2,58,face-to-face,2,2024-05-30,CH,52369,0,0,0,0,0,0,1,1,1,1,GER,7994
2,41,telephone,2,2024-12-16,GB,32818,0,0,0,0,0,1,0,0,1,0,ENG,9598
2,43,face-to-face,1,2022-12-17,NO,48843,0,0,0,0,0,0,0,0,1,1,ENG,1495
2,33,online,1,2023-05-02,DE,34886,0,0,0,1,1,0,0,0,1,1,GER,1412
1,67,face-to-face,1,2022-10-25,BE,38916,1,0,0,0,1,0,1,0,1,1,FRE,6813
2,51,telephone,2,2022-04-27,DE,72333,1,0,0,0,1,0,0,0,1,1,GER,2437
1,45,telephone,1,2023-05-13,IE,12350,1,0,0,0,0,0,1,1,0,0,ENG,6954
2,53,face-to-face,2,2024-01-09,NL,97914,0,0,0,0,0,0,0,0,1,1,ENG,1321
1,45,face-to-face,1,2022-03-26,IE,98227,0,0,0,0,0,0,1,0,1,1,ENG,5929
2,49,face-to-face,3,2022-04-01,CH,53991,0,0,0,0,0,0,1,0,1,1,GER,1572
2,40,telephone,3,2022-03-21,FR,47739,0,0,0,0,0,0,0,0,0,1,FRE,2585
1,44,telephone,1,2022-04-02,FR,58124,0,0,0,1,0,0,0,1,1,1,FRE,2230
2,46,telephone,2,2024-08-26,NL,18048,0,0,0,0,0,0,0,0,0,0,ENG,5737
1,53,telephone,1,2022-03-22,NO,99477,0,1,1,0,1,0,0,1,0,0,ENG,3719
1,65,face-to-face,2,2022-06-25,ES,53815,0,0,0,1,0,0,1,0,1,1,SPA,5636
1,46,face-to-face,2,2023-10-15,IE,93491,0,0,0,0,0,1,1,0,1,1,ENG,4605
1,53,face-to-face,2,2023-05-30,IT,66181,0,0,0,0,0,0,1,0,1,1,ENG,8591
2,33,online,2,2024-09-03,AT,48352,0,0,1,0,0,0,1,0,1,1,GER,3316
2,36,online,1,2022-06-11,NO,58029,1,0,0,0,1,0,0,0,1,0,ENG,3159
2,39,telephone,2,2023-09-28,FR,21977,1,0,0,0,0,0,0,0,0,0,FRE,4589
2,47,telephone,2,2023-02-04,NO,35940,0,0,1,0,0,0,0,0,0,1,ENG,2260
1,43,telephone,1,2024-04-21,BE,86933,1,0,0,0,1,0,0,0,0,1,FRE,5374
1,43,face-to-face,1,2024-01-08,AT,90495,0,0,0,1,0,0,1,1,1,1,GER,3622
1,51,face-to-face,3,2022-04-05,SE,87906,0,1,1,0,0,0,0,0,1,1,ENG,2504
2,44,face-to-face,1,2024-04-30,DK,92799,0,0,0,0,0,0,1,0,1,0,ENG,3897
2,35,online,1,2024-07-29,IE,34313,0,0,0,0,0,0,0,0,0,0,ENG,6567
1,43,face-to-face,1,2024-07-06,FI,73876,1,0,0,0,0,0,0,0,1,1,ENG,6780
1,46,telephone,2,2024-10-24,BE,76286,1,0,0,1,0,0,0,0,0,1,FRE,2974
1,57,telephone,3,2022-09-15,FI,83665,0,1,1,0,0,0,0,0,0,1,ENG,6651
1,49,face-to-face,1,2022-05-21,FI,25718,0,0,1,0,0,0,0,0,1,1,ENG,5268
2,54,telephone,1,2024-06-13,CH,13454,0,1,0,0,0,0,1,0,0,1,GER,8070
2,56,telephone,1,2022-02-14,PT,70191,0,0,0,1,1,0,1,1,1,0,SPA,1814
2,41,telephone,2,2023-01-28,BE,62922,0,0,0,0,1,0,1,0,1,1,FRE,5184
1,41,face-to-face,2,2022-07-26,PT,63102,0,0,0,0,0,0,0,0,1,1,SPA,4198
1,67,telephone,2,2022-10-20,DK,98539,1,1,0,1,1,0,1,0,1,1,ENG,9679
1,38,telephone,3,2023-09-19,CH,38918,1,0,1,0,0,0,0,0,0,0,GER,3712
2,35,online,1,2022-06-17,FR,91230,0,0,0,0,0,0,1,0,1,1,FRE,6867
2,47,face-to-face,1,2023-03-09,NO,49022,0,0,0,0,0,0,0,0,1,0,ENG,2674
2,33,telephone,2,2022-04-30,NL,26345,0,0,0,0,0,0,1,0,1,1,ENG,4360
2,41,face-to-face,1,2024-04-23,NO,50753,0,0,0,0,0,0,0,0,1,0,ENG,2744
1,47,face-to-face,2,2024-06-29,NO,45033,0,0,0,0,0,0,0,0,0,1,ENG,8531
1,53,telephone,3,2024-04-13,DK,66393,0,0,0,0,0,0,1,0,1,1,ENG,6260
1,45,face-to-face,1,2023-11-19,IT,58726,0,0,1,0,1,0,1,1,1,1,ENG,5489
1,34,telephone,1,2024-09-08,AT,67548,1,0,0,0,0,0,1,1,1,1,GER,6565
2,33,telephone,3,2022-02-12,IE,72672,0,0,0,0,1,0,1,0,0,0,ENG,8345
1,47,face-to-face,1,2024-08-06,AT,39864,1,0,0,0,0,0,0,0,1,0,GER,4196
1,52,face-to-face,3,2022-11-08,NL,33089,0,0,1,0,1,0,1,0,0,0,ENG,9108
2,34,online,2,2023-01-03,NL,23819,1,0,0,0,0,0,0,0,0,0,ENG,8322
2,48,telephone,2,2023-10-26,NO,71505,1,0,1,0,1,0,1,0,1,1,ENG,3591
1,54,face-to-face,3,2024-10-23,BE,24371,1,0,0,0,0,0,0,1,1,1,FRE,8090
1,63,telephone,1,2024-11-27,FI,18648,1,0,0,0,0,0,1,1,1,1,ENG,1236
1,52,face-to-face,2,2023-07-08,CH,60137,0,0,0,0,0,0,0,1,1,1,GER,5270
2,38,online,2,2022-02-19,IT,60083,0,0,0,0,0,0,1,0,1,1,ENG,7728
1,56,face-to-face,3,2024-03-02,FI,38784,0,0,0,0,0,0,0,0,1,1,ENG,1624
1,50,face-to-face,2,2023-05-17,FR,47514,0,0,0,0,0,0,1,1,0,1,FRE,7015
1,49,face-to-face,2,2022-06-15,DE,71414,1,0,0,0,1,0,0,0,1,0,GER,4782
2,58,face-to-face,1,2023-11-22,NL,93298,0,0,1,0,0,0,0,0,1,1,ENG,5446
2,71,face-to-face,1,2024-10-30,BE,97967,0,0,1,0,1,0,1,0,1,1,FRE,5726
1,46,face-to-face,1,2022-02-25,NO,77860,0,0,0,0,1,0,0,0,1,1,ENG,1617
2,46,face-to-face,3,2023-10-14,AT,62961,1,1,1,0,0,0,0,0,1,1,GER,8128
1,41,face-to-face,3,2024-09-19,PT,85008,0,0,0,1,1,0,1,0,0,0,SPA,4928
2,39,online,2,2022-12-14,GB,70025,0,0,0,0,1,0,0,0,0,0,ENG,7331
1,53,telephone,2,2023-12-27,NO,70387,1,1,0,0,1,0,0,0,0,1,ENG,4840
1,65,face-to-face,1,2023-12-01,GB,85002,0,0,0,0,0,0,0,0,1,1,ENG,9829
1,40,face-to-face,3,2024-01-06,CH,84713,0,0,0,0,0,0,1,0,0,0,GER,4700
2,18,online,1,2024-08-23,CH,24752,1,0,0,0,0,1,0,0,1,1,GER,4956
1,40,telephone,1,2024-06-15,IT,21436,0,0,0,0,0,0,1,0,1,1,ENG,3391
2,41,telephone,1,2024-02-12,NL,42776,0,0,0,0,0,0,1,0,1,1,ENG,5872
1,47,telephone,1,2022-02-22,IE,68927,0,1,0,0,1,0,0,0,0,1,ENG,4569
2,32,telephone,1,2024-01-16,SE,59927,0,1,0,0,0,0,0,0,0,1,ENG,6600
1,53,telephone,3,2023-01-02,IT,92922,0,1,0,0,1,0,1,1,1,0,ENG,5427
1,39,online,1,2024-12-17,GB,34578,0,0,0,0,0,0,0,1,1,1,ENG,3250
1,49,face-to-face,3,2023-07-06,IE,75693,0,0,0,0,0,0,1,0,1,1,ENG,8101
2,51,telephone,1,2022-09-18,FR,25249,0,0,0,0,0,0,0,1,1,0,FRE,9625
2,61,face-to-face,3,2022-06-25,IE,94555,0,0,0,0,0,0,0,1,0,0,ENG,8433
1,38,online,2,2024-12-28,AT,46208,0,0,1,0,1,0,1,0,1,1,GER,8731
2,46,telephone,1,2024-08-03,SE,12888,0,1,0,1,0,0,0,0,0,0,ENG,5639
2,35,online,1,2023-06-09,ES,80706,0,0,0,0,0,0,0,0,1,1,SPA,6798
1,44,telephone,1,2022-11-03,CH,15815,0,0,0,0,0,0,0,0,0,1,GER,2038
1,43,face-to-face,2,2022-05-07,DE,20028,0,0,0,0,0,0,1,0,0,0,GER,8081
1,51,face-to-face,2,2023-10-05,NO,13562,1,1,0,0,0,1,1,0,1,0,ENG,3358
1,47,face-to-face,1,2022-02-16,NL,35924,0,1,0,1,0,0,0,0,1,1,ENG,5953
1,69,face-to-face,3,2024-04-04,FR,98482,0,0,0,0,1,0,0,0,0,0,FRE,6224
1,53,face-to-face,3,2024-10-31,CH,31395,0,0,0,1,0,0,1,0,1,1,GER,5532
2,40,telephone,1,2024-04-24,CH,56936,0,0,0,0,0,0,1,0,1,1,GER,4421
1,59,face-to-face,2,2024-11-05,DK,79141,0,0,0,0,0,0,1,0,1,0,ENG,5739
1,49,face-to-face,1,2024-06-07,GB,35248,0,0,0,1,0,0,0,1,1,1,ENG,1581
2,54,telephone,2,2023-11-03,IE,24063,0,0,0,0,0,0,0,0,1,0,ENG,3941
2,45,telephone,1,2022-08-15,ES,99715,0,0,0,0,0,0,1,0,0,0,SPA,5767
1,27,online,2,2023-07-20,NO,91815,0,0,0,0,0,0,0,1,1,1,ENG,2229
1,38,telephone,1,2023-03-08,NO,91880,1,1,0,0,1,0,0,0,1,0,ENG,6379
1,51,face-to-face,2,2023-10-04,CH,48529,0,1,0,0,1,0,0,0,1,0,GER,1135
2,35,telephone,1,2024-03-17,IE,35830,0,0,0,1,1,0,0,0,1,1,ENG,4868
1,57,telephone,2,2022-08-07,FR,14116,0,0,0,0,0,0,0,1,0,1,FRE,5945
2,40,face-to-face,2,2022-02-10,DE,66618,1,0,0,0,0,0,0,0,1,0,GER,1292
2,37,telephone,2,2022-03-15,DK,74589,0,0,1,0,1,0,1,0,1,0,ENG,8113
2,37,telephone,2,2022-06-08,DK,18558,0,0,0,0,0,0,0,0,0,0,ENG,9122
1,36,online,2,2024-11-27,GB,98995,0,0,0,0,0,0,0,0,1,1,ENG,4470
1,47,telephone,1,2023-11-23,GB,73578,0,0,0,0,0,0,0,0,0,0,ENG,3792
2,56,telephone,1,2024-08-16,ES,15409,0,0,0,0,0,0,0,0,1,0,SPA,4094
1,57,face-to-face,3,2023-09-29,DE,88126,0,0,0,0,0,0,1,0,1,1,GER,8151
1,63,face-to-face,3,2022-11-23,GB,52556,0,0,0,0,1,0,1,0,0,1,ENG,2573
2,48,telephone,2,2023-02-08,PT,46137,0,0,0,0,0,0,0,1,1,0,SPA,2413
2,32,telephone,2,2024-12-11,DK,82020,0,0,0,0,1,0,0,0,1,1,ENG,1098
2,51,telephone,1,2023-01-09,SE,16823,0,0,0,0,0,0,0,1,1,1,ENG,3802
2,58,face-to-face,1,2024-11-29,FR,64806,0,0,0,0,0,0,0,0,1,0,FRE,3458
2,68,face-to-face,2,2024-10-03,CH,93714,1,0,0,0,1,0,0,0,1,0,GER,2967
1,28,online,2,2024-12-18,IE,42333,0,1,0,1,1,0,0,0,1,0,ENG,5075
2,62,telephone,1,2024-11-29,AT,41356,0,0,0,0,0,1,0,0,1,1,GER,2276
1,49,telephone,2,2023-07-08,AT,55462,0,0,0,0,0,0,1,0,1,1,GER,9352
2,30,online,2,2023-01-03,ES,11939,1,0,0,0,0,1,0,1,1,0,SPA,3793
1,38,telephone,1,2022-02-09,IE,89657,1,0,0,0,0,0,0,0,1,1,ENG,5980
1,82,face-to-face,3,2023-08-21,AT,30779,0,0,0,0,1,0,1,1,0,1,GER,6621
1,24,online,1,2023-12-03,SE,13012,0,0,0,0,1,0,0,1,0,1,ENG,1774
1,48,telephone,1,2024-03-17,CH,16492,0,1,0,0,0,0,0,0,0,1,GER,5678
1,47,telephone,1,2022-10-02,GB,97583,0,1,0,0,1,0,0,0,0,0,ENG,8674
2,34,telephone,1,2024-06-22,NO,28578,0,0,0,0,0,0,1,0,1,1,ENG,8869
1,47,face-to-face,1,2023-02-26,GB,45285,0,0,0,0,0,0,1,0,1,1,ENG,4315
2,42,telephone,2,2023-10-19,IE,52760,1,0,0,0,0,0,1,0,1,0,ENG,7328
1,41,face-to-face,1,2023-06-29,IT,63830,0,0,0,0,0,0,0,0,1,1,ENG,3604
2,60,face-to-face,1,2022-08-29,FR,71833,1,1,0,0,0,0,0,1,1,1,FRE,2959
2,45,telephone,3,2023-08-01,AT,49932,0,0,0,0,1,0,1,0,1,1,GER,8350
1,50,face-to-face,1,2024-08-27,GB,80672,1,0,0,0,1,1,0,0,1,1,ENG,7830
1,50,telephone,2,2024-02-09,DE,35307,0,0,0,0,1,0,0,0,1,0,GER,8959
2,47,face-to-face,2,2024-05-23,PT,22433,0,0,0,0,0,0,1,1,0,0,SPA,2019
2,57,face-to-face,3,2024-03-13,DK,18411,0,0,0,0,0,0,1,0,0,0,ENG,5842
1,58,telephone,2,2022-11-03,NO,58302,0,0,0,0,1,0,0,0,0,1,ENG,4998
2,56,telephone,1,2024-04-21,BE,69379,0,0,0,0,0,0,1,0,1,1,FRE,2961
2,23,online,1,2023-04-12,NL,98266,0,0,0,0,1,0,0,1,1,0,ENG,9333
2,47,face-to-face,1,2022-10-31,NO,33882,0,0,0,0,0,0,1,1,1,1,ENG,9790
2,43,telephone,1,2023-08-08,IT,78805,0,0,0,0,0,0,1,0,0,0,ENG,4627
2,37,online,3,2022-01-24,SE,39726,0,0,0,1,0,0,0,0,1,1,ENG,6317
1,40,face-to-face,2,2024-08-20,IT,82105,0,0,0,0,0,0,1,1,0,0,ENG,6681
1,57,telephone,2,2023-05-11,AT,52305,0,0,0,0,0,0,1,1,1,1,GER,7395
1,43,telephone,2,2023-12-04,IT,11573,0,1,1,0,1,0,1,0,0,1,ENG,1341
1,39,online,1,2022-01-25,PT,64412,0,1,0,0,0,0,0,0,1,1,SPA,9223
1,47,telephone,2,2024-08-18,PT,88983,0,1,0,0,1,0,1,1,1,0,SPA,4178
2,38,telephone,1,2023-04-29,FR,73627,0,0,1,0,1,0,0,1,1,1,FRE,1182
1,38,online,1,2024-03-04,AT,69738,0,1,0,0,0,0,0,0,1,1,GER,5389
2,62,face-to-face,3,2023-07-08,IE,11903,0,0,0,0,1,0,0,0,0,1,ENG,7986
2,41,telephone,2,2022-06-08,FR,78324,0,0,1,0,0,0,0,0,0,0,FRE,4599
2,35,telephone,1,2024-06-08,CH,69906,1,0,0,0,0,0,1,0,1,1,GER,4284
2,38,online,2,2023-11-25,BE,84240,0,0,0,0,1,0,1,0,1,1,FRE,2543
1,40,telephone,3,2024-03-21,PT,21611,0,0,0,0,0,0,0,0,0,0,SPA,5117
1,56,face-to-face,3,2023-12-05,IT,69711,1,0,0,0,1,0,1,0,1,0,ENG,2985
2,49,face-to-face,1,2023-07-26,PT,97702,0,0,0,0,0,0,0,1,1,1,SPA,3804
2,55,face-to-face,2,2023-03-15,DK,16336,0,0,0,1,0,0,1,1,0,1,ENG,9538
2,67,face-to-face,1,2022-11-08,SE,21772,0,0,1,0,0,0,1,1,1,1,ENG,2890
1,47,face-to-face,3,2023-09-19,PT,77047,1,0,0,1,0,0,1,0,0,0,SPA,9931
1,59,telephone,3,2024-01-01,DE,22536,0,0,0,0,0,1,0,0,1,1,GER,3604
1,48,telephone,1,2023-06-30,FR,80001,0,0,0,0,0,0,1,0,1,1,FRE,3935
2,47,face-to-face,2,2022-05-10,NL,35806,0,0,0,0,0,0,0,1,0,0,ENG,6827
1,45,face-to-face,1,2023-09-10,FI,73834,1,0,0,0,1,0,0,0,1,1,ENG,5363
1,52,face-to-face,2,2023-11-13,DK,51956,1,0,0,0,0,0,0,0,0,0,ENG,3850
1,54,face-to-face,2,2022-04-29,FR,91674,0,1,0,0,0,0,1,0,1,1,FRE,3262
1,53,telephone,2,2024-05-18,IE,80053,1,0,0,0,0,0,0,0,0,0,ENG,6069
2,44,telephone,1,2022-08-18,AT,28474,0,0,0,0,0,0,1,0,0,0,GER,7006
1,50,face-to-face,1,2023-11-14,FI,93099,0,0,0,0,0,0,0,0,1,1,ENG,4133
2,21,telephone,3,2024-01-29,NL,83740,0,1,0,0,0,1,1,0,1,0,ENG,2820
2,59,face-to-face,2,2023-08-18,IT,82084,1,0,0,0,0,0,1,0,0,0,ENG,8070
2,34,online,1,2024-11-08,ES,12420,0,0,0,0,1,0,0,0,1,1,SPA,6274
1,44,face-to-face,3,2022-02-27,DE,88510,1,0,0,0,0,0,1,0,1,0,GER,9439
2,46,telephone,1,2023-08-26,DE,27674,0,0,1,1,1,0,1,1,1,1,GER,8956
1,51,face-to-face,2,2024-10-10,NL,26287,0,0,0,0,0,0,1,0,1,0,ENG,8536
1,44,face-to-face,2,2022-04-01,BE,63965,0,0,0,0,1,0,1,1,1,0,FRE,1377
2,39,online,1,2023-07-25,BE,85766,0,0,0,0,0,0,0,1,1,1,FRE,3075
1,48,face-to-face,3,2022-04-19,PT,23696,0,0,0,0,0,0,0,0,1,1,SPA,7188
1,51,face-to-face,2,2024-02-25,BE,19856,0,0,1,0,0,0,1,0,1,1,FRE,8702
2,58,telephone,2,2024-12-26,AT,48641,1,0,0,0,0,0,1,0,1,1,GER,9111
1,42,face-to-face,3,2022-12-25,PT,35520,0,1,0,0,0,0,0,0,1,1,SPA,6073
2,43,face-to-face,1,2022-12-04,ES,65679,0,0,0,0,1,0,1,0,1,1,SPA,8968
1,60,telephone,2,2023-07-24,DK,31933,1,0,0,0,1,0,0,0,1,1,ENG,3176
1,41,face-to-face,1,2023-04-21,PT,48236,0,0,0,1,0,0,0,0,1,1,SPA,2213
2,55,face-to-face,3,2024-01-10,IE,96625,0,1,0,0,0,0,0,1,0,1,ENG,6511
2,46,face-to-face,2,2023-06-08,IE,32793,1,0,0,0,0,0,0,0,1,0,ENG,6893
2,54,telephone,3,2022-01-08,NL,25711,0,0,0,0,0,0,1,0,1,0,ENG,3894
1,42,face-to-face,1,2022-09-19,NL,51138,1,0,0,0,0,0,0,0,1,1,ENG,2156
1,37,telephone,1,2024-03-26,AT,62837,0,0,1,0,0,0,0,1,1,0,GER,7482
2,67,face-to-face,1,2024-12-01,NL,12696,0,0,0,0,1,0,0,0,1,0,ENG,6350
2,23,telephone,3,2023-11-02,IE,90120,0,0,1,0,0,0,0,0,1,1,ENG,4729
1,52,face-to-face,2,2024-11-05,BE,91458,0,0,0,0,1,0,0,0,1,1,FRE,6124
1,51,telephone,1,2024-07-09,NO,26003,0,1,1,0,0,0,0,0,1,1,ENG,4544
2,45,telephone,3,2024-01-22,GB,89353,1,0,0,1,0,0,0,0,0,1,ENG,9059
1,48,face-to-face,2,2022-07-18,IE,52629,0,0,0,0,0,1,0,1,0,1,ENG,6110
1,65,face-to-face,2,2024-10-16,FR,38198,0,0,0,0,1,0,1,0,1,1,FRE,2288
1,48,face-to-face,1,2024-01-23,AT,41004,0,0,0,0,1,0,0,0,1,1,GER,9395
2,44,face-to-face,1,2024-03-13,DE,48014,0,0,1,0,0,0,0,0,1,1,GER,1615
1,40,face-to-face,1,2023-01-05,CH,76197,0,0,1,0,0,0,0,0,1,1,GER,6332
2,34,online,1,2022-10-25,DK,13476,0,0,0,0,0,0,1,0,0,0,ENG,3549
1,62,face-to-face,2,2023-03-21,SE,92167,1,0,0,0,0,0,0,0,1,0,ENG,4179
2,44,face-to-face,1,2023-09-21,DK,60433,0,0,0,0,1,0,0,1,1,1,ENG,3621
1,63,telephone,1,2024-04-14,PT,38306,1,0,0,0,0,0,1,1,0,0,SPA,3926
1,77,face-to-face,1,2022-09-08,DE,31915,0,0,1,0,1,0,1,0,1,1,GER,9827
2,46,face-to-face,1,2024-08-23,IE,66011,0,0,0,0,0,0,0,0,1,0,ENG,6887
2,63,telephone,3,2023-10-09,FI,37181,0,0,0,0,0,0,0,1,1,1,ENG,7426
2,57,telephone,1,2022-12-13,ES,50796,0,0,0,0,0,0,0,0,0,1,SPA,7860
1,46,face-to-face,1,2022-05-03,FR,27547,0,0,0,0,0,0,0,0,1,0,FRE,4756
2,29,online,2,2024-08-12,SE,20800,0,0,0,0,0,0,0,0,0,0,ENG,7842
2,52,telephone,1,2022-10-20,AT,82763,0,0,1,0,0,1,0,0,1,1,GER,4611
2,41,face-to-face,1,2022-01-31,IT,82299,0,0,0,0,0,0,0,0,1,0,ENG,7820
1,51,telephone,2,2024-04-08,GB,92067,0,0,0,0,0,0,0,0,0,0,ENG,8524
2,38,online,1,2024-08-29,AT,45552,1,0,0,0,1,0,1,0,1,1,GER,4297
1,34,online,2,2024-08-02,AT,35880,1,0,0,0,0,0,0,0,1,1,GER,3853
2,46,telephone,2,2024-09-01,BE,78375,0,0,0,0,1,0,1,0,0,0,FRE,4701
1,52,face-to-face,3,2024-04-02,SE,92422,0,0,0,0,0,0,0,0,1,1,ENG,7623
1,63,face-to-face,3,2022-11-19,IT,60744,0,0,0,0,0,0,1,0,1,1,ENG,4315
2,47,face-to-face,3,2023-04-02,PT,54653,0,0,0,0,0,0,0,0,1,0,SPA,9321
2,33,online,1,2024-07-16,FR,33843,0,0,0,1,0,0,0,1,1,1,FRE,3203
1,40,telephone,2,2024-01-06,DK,61666,0,0,1,1,0,1,0,0,0,0,ENG,8527
1,49,telephone,1,2024-01-08,FR,57015,0,1,0,0,0,0,0,0,1,1,FRE,8374
2,26,online,2,2024-01-26,DK,59857,0,0,0,0,0,0,0,0,1,1,ENG,8999
1,53,telephone,3,2024-02-10,CH,92041,0,0,0,1,0,0,1,0,1,1,GER,8706
2,63,face-to-face,1,2024-08-14,NL,42702,1,1,0,0,1,0,1,1,1,1,ENG,5522
2,47,face-to-face,2,2022-11-26,IE,77758,0,0,0,0,1,0,1,0,0,0,ENG,2287
2,51,face-to-face,1,2023-02-12,IE,76586,0,0,0,0,0,0,0,0,1,0,ENG,2187
2,27,online,1,2023-11-12,DK,88117,0,0,0,0,0,0,1,0,0,1,ENG,2566
2,27,telephone,3,2023-02-01,DE,26537,0,0,0,0,0,0,1,1,1,1,GER,5610
1,57,telephone,1,2024-07-19,NO,58231,0,1,0,0,0,0,0,0,1,1,ENG,2238
1,59,face-to-face,2,2022-02-01,FR,12862,0,0,0,0,1,0,0,0,0,0,FRE,3968
2,34,telephone,3,2023-03-19,SE,54411,0,0,0,0,0,0,0,1,0,1,ENG,1542
1,48,telephone,2,2024-11-06,ES,65197,0,0,0,0,1,0,0,1,0,1,SPA,4761
1,37,online,1,2024-07-07,NL,66890,0,0,0,0,0,0,1,0,0,0,ENG,5052
2,50,telephone,1,2022-08-29,GB,32369,1,0,0,0,0,0,1,0,0,1,ENG,7617
2,33,online,3,2022-09-12,FR,22926,0,0,1,0,0,0,1,1,1,1,FRE,6830
1,59,face-to-face,3,2023-07-26,AT,51600,1,0,0,0,0,0,1,0,0,0,GER,6974
1,56,telephone,3,2022-08-12,GB,22278,0,1,0,0,0,0,0,0,1,1,ENG,1200
2,42,face-to-face,1,2022-09-26,AT,56632,0,0,0,0,0,0,0,1,1,1,GER,2527
2,24,online,1,2023-09-03,CH,86437,0,0,0,1,1,0,1,1,0,1,GER,7998
2,51,face-to-face,2,2024-01-06,AT,96432,0,0,0,0,0,0,1,0,1,1,GER,1694
2,22,online,1,2023-10-09,FI,48279,0,0,0,0,1,0,1,1,1,1,ENG,6359
2,40,face-to-face,1,2024-05-05,IE,19146,0,0,0,0,0,0,0,1,1,0,ENG,6272
1,41,telephone,1,2023-09-04,PT,16697,0,0,1,0,0,1,0,0,1,0,SPA,6726
1,29,online,1,2022-10-12,SE,50326,0,0,0,0,0,0,0,0,0,1,ENG,8013
1,35,telephone,1,2022-04-16,CH,73113,0,1,0,0,0,0,0,0,0,1,GER,5313
1,39,online,3,2022-04-22,DK,75300,0,0,0,0,1,1,1,0,0,0,ENG,2410
2,44,face-to-face,2,2024-06-06,DK,74875,0,1,0,0,0,0,0,0,1,0,ENG,9820
1,50,face-to-face,2,2022-12-20,GB,12730,0,0,0,0,0,0,0,0,0,0,ENG,7439
1,38,online,2,2022-07-30,AT,53144,1,0,0,0,1,0,0,0,1,1,GER,3397
2,31,telephone,1,2023-09-26,NO,58242,0,0,0,0,0,0,1,0,0,0,ENG,6165
2,39,telephone,1,2024-07-27,PT,65632,0,0,0,0,0,1,1,0,1,1,SPA,5358
1,48,telephone,3,2024-12-18,ES,50840,0,0,1,0,0,0,0,0,0,0,SPA,7271
1,61,face-to-face,2,2023-11-23,NO,50260,0,0,0,0,1,0,0,0,0,0,ENG,7848
2,30,online,2,2022-08-25,IT,49219,0,0,0,0,1,0,0,0,1,1,ENG,6612
2,50,face-to-face,2,2023-01-06,CH,47694,0,0,0,0,1,0,0,0,1,1,GER,7158
1,68,face-to-face,3,2023-12-02,GB,56051,0,0,0,0,0,0,0,0,1,0,ENG,2850
2,46,face-to-face,2,2022-02-07,GB,24451,0,0,0,1,1,0,0,1,0,1,ENG,4930
2,37,online,2,2023-09-14,GB,91597,1,0,0,0,0,0,1,0,1,1,ENG,6784
1,41,face-to-face,1,2022-11-20,ES,74059,0,0,0,0,0,0,0,0,1,0,SPA,8070
1,55,face-to-face,2,2024-09-28,PT,82177,0,0,1,0,0,0,0,0,1,0,SPA,3347
1,58,telephone,1,2022-04-25,IT,14642,0,0,0,0,1,0,1,0,1,1,ENG,2084
2,45,face-to-face,3,2022-12-12,PT,26318,0,0,1,1,0,0,0,0,1,1,SPA,1252
1,63,face-to-face,1,2024-12-15,FI,36304,0,1,0,0,1,0,1,0,1,1,ENG,9287
1,61,face-to-face,3,2022-09-13,AT,88942,0,0,0,0,1,0,1,0,1,0,GER,2700
2,51,telephone,1,2022-06-25,ES,40609,0,0,0,0,1,0,0,0,0,0,SPA,8391
1,52,face-to-face,1,2022-04-22,IE,35399,0,0,0,0,0,0,1,0,1,1,ENG,2583
2,37,online,1,2022-04-04,DE,79217,0,1,0,0,0,0,0,0,1,0,GER,9867
2,44,face-to-face,3,2022-11-01,SE,48685,0,0,0,0,1,0,1,0,1,1,ENG,9467
2,43,face-to-face,1,2022-12-21,ES,81232,1,0,0,0,0,0,0,0,1,1,SPA,5767
1,67,face-to-face,2,2024-03-06,NO,71416,0,0,0,0,0,0,0,1,1,0,ENG,7993
1,67,face-to-face,2,2022-01-29,FI,91562,0,1,0,0,0,0,0,0,0,0,ENG,1214
2,48,telephone,2,2022-03-08,IT,90998,1,0,0,0,1,0,0,0,1,1,ENG,9960
1,42,face-to-face,1,2024-09-15,IE,12365,0,0,0,0,0,0,0,0,1,0,ENG,9083
2,50,face-to-face,1,2022-04-02,NL,19135,0,0,0,0,0,0,0,0,1,1,ENG,1094
1,39,online,3,2023-06-30,SE,13818,0,0,0,0,0,0,0,1,1,1,ENG,7358
2,51,telephone,1,2023-05-26,ES,55472,0,0,0,0,0,0,0,0,1,1,SPA,1862
2,64,telephone,1,2022-02-23,ES,74631,0,0,0,0,0,0,0,0,1,1,SPA,7679
1,67,face-to-face,2,2022-10-05,SE,57984,0,0,0,0,0,0,1,0,0,0,ENG,5088
1,69,face-to-face,2,2023-09-28,PT,50034,0,0,0,0,0,0,0,0,1,0,SPA,1494
2,38,online,3,2023-08-18,FR,33016,0,1,0,0,0,0,0,0,0,0,FRE,2023
1,57,face-to-face,3,2024-05-21,CH,51473,0,0,0,0,0,0,0,0,1,1,GER,1874
1,56,telephone,2,2024-04-26,DK,14175,0,0,0,0,0,0,0,1,0,1,ENG,6094
2,23,online,1,2022-11-20,GB,88450,0,0,0,0,0,0,0,0,0,0,ENG,8797
2,27,online,2,2022-08-13,DE,99067,0,0,0,0,1,0,1,0,0,0,GER,8802
2,23,online,2,2022-08-12,NL,40055,0,0,0,0,1,0,1,1,0,0,ENG,9843
2,62,face-to-face,1,2023-09-27,NO,95406,0,0,1,0,0,0,0,0,1,1,ENG,2928
2,52,face-to-face,3,2024-08-04,ES,19932,0,1,0,0,1,0,0,0,1,0,SPA,6427
1,44,face-to-face,1,2022-04-10,NO,35381,0,0,0,0,0,0,1,0,1,0,ENG,4632
2,51,face-to-face,1,2022-11-03,NL,16615,1,0,1,0,0,0,0,0,1,0,ENG,5212
1,62,face-to-face,3,2024-02-04,DK,86001,0,0,0,0,1,0,1,0,0,1,ENG,2496
1,52,telephone,3,2023-06-18,GB,17522,0,0,0,0,0,0,1,0,0,1,ENG,7746
1,85,face-to-face,2,2022-09-18,IE,59769,0,0,0,0,1,1,0,0,1,1,ENG,7580
2,30,telephone,3,2024-05-17,NO,67535,0,1,0,0,0,0,0,0,1,0,ENG,2504
2,55,face-to-face,2,2024-02-05,AT,63128,0,0,0,0,1,0,1,0,1,0,GER,4239
2,38,online,2,2024-02-06,DK,31968,0,0,0,0,0,0,0,0,1,1,ENG,7707
1,44,face-to-face,2,2022-11-02,GB,52862,1,1,0,0,0,0,0,0,1,0,ENG,4200
2,52,face-to-face,1,2023-07-01,NO,17894,0,0,0,0,0,0,0,0,1,1,ENG,4992
1,61,telephone,1,2024-12-13,AT,71192,0,0,0,0,0,1,0,0,1,1,GER,4213
2,40,face-to-face,2,2022-07-01,NO,68938,1,0,1,0,0,0,0,1,0,0,ENG,4511
2,39,online,1,2022-05-21,PT,35040,0,0,0,1,1,0,0,0,1,0,SPA,9138
1,40,face-to-face,1,2024-07-13,DK,76401,0,0,0,0,0,0,0,0,1,1,ENG,2922
2,31,online,2,2023-07-15,AT,15686,0,0,1,0,0,0,1,0,0,0,GER,2538
2,49,telephone,2,2024-10-24,DE,71316,0,0,1,0,1,1,0,0,1,0,GER,5952
1,46,telephone,2,2022-07-02,AT,85257,0,0,0,0,0,0,0,0,1,0,GER,6007
1,73,face-to-face,3,2022-05-16,CH,97613,1,0,0,0,0,0,0,0,1,1,GER,5724
1,55,telephone,2,2022-12-04,NO,72756,0,0,0,0,0,0,1,0,0,0,ENG,8458
2,24,telephone,1,2023-02-01,FI,67221,0,0,0,0,0,0,0,0,1,0,ENG,5455
2,21,online,2,2024-04-14,NO,20746,1,0,0,0,0,0,1,0,0,0,ENG,2752
1,40,telephone,1,2022-10-22,DK,67620,0,0,0,0,0,0,1,1,1,0,ENG,6202
2,49,face-to-face,2,2022-09-07,FI,38912,0,0,0,0,0,0,0,0,1,1,ENG,4619
1,52,face-to-face,2,2024-12-20,DK,57538,0,0,0,0,0,1,1,0,0,0,ENG,3788
2,36,online,2,2022-11-05,FI,69161,1,0,0,0,0,0,0,0,1,0,ENG,5734
1,42,face-to-face,1,2022-09-29,BE,13926,0,0,0,0,0,0,0,0,1,0,FRE,3848
1,58,face-to-face,1,2022-01-27,BE,43170,0,0,1,1,0,0,0,0,1,0,FRE,4838
2,26,online,1,2023-09-09,GB,33750,0,1,0,0,0,0,1,0,0,0,ENG,5748
2,54,face-to-face,1,2024-01-07,DK,84547,0,1,0,0,0,0,0,0,1,1,ENG,7800
2,50,face-to-face,1,2022-10-15,PT,54631,0,0,0,0,0,0,1,0,1,1,SPA,6947
1,45,telephone,1,2024-03-10,AT,54348,0,0,0,0,1,0,1,0,1,0,GER,2894
1,56,face-to-face,2,2022-06-19,CH,83838,0,0,0,0,0,0,0,0,1,0,GER,6737
1,36,online,1,2023-07-15,BE,24405,1,0,1,0,0,1,0,1,1,1,FRE,3268
2,61,face-to-face,3,2023-05-14,NO,23887,0,0,1,0,1,0,1,0,0,1,ENG,3950
1,33,online,3,2023-01-30,AT,56065,0,0,0,0,0,0,0,0,1,1,GER,1254
2,49,telephone,3,2022-01-13,DE,64983,0,0,0,0,0,0,0,0,1,1,GER,2235
2,42,telephone,1,2024-03-09,NL,86687,0,0,0,0,1,0,0,0,0,1,ENG,2534
1,64,telephone,3,2022-03-14,IT,67148,0,0,0,0,0,0,0,1,1,0,ENG,9279
1,50,face-to-face,1,2024-10-22,ES,56307,0,0,0,0,1,1,1,1,1,0,SPA,1290
1,64,telephone,2,2022-05-02,PT,56851,0,0,0,0,0,0,0,0,1,1,SPA,2818
2,55,face-to-face,2,2024-09-29,IE,47969,1,0,0,1,0,0,0,0,0,0,ENG,1570
1,45,face-to-face,1,2024-12-29,AT,25122,0,0,0,0,0,0,0,1,1,1,GER,4767
1,54,face-to-face,1,2022-04-09,IT,37689,1,0,0,0,0,0,0,0,1,1,ENG,1283
1,42,face-to-face,1,2022-05-01,NO,27159,0,0,0,0,0,0,0,0,1,1,ENG,7061
2,63,face-to-face,3,2022-05-12,AT,34641,1,0,0,0,0,0,0,1,1,0,GER,7335
1,39,online,1,2023-04-01,GB,75924,0,0,0,1,0,0,1,0,0,0,ENG,6346
1,40,face-to-face,3,2023-04-05,SE,14125,0,0,0,0,1,0,0,0,1,1,ENG,1856
1,53,telephone,3,2023-10-25,PT,17615,0,0,0,0,0,0,1,0,1,0,SPA,4428
2,40,face-to-face,1,2024-09-24,IE,23947,0,0,0,0,0,0,1,1,1,1,ENG,6100
2,36,online,1,2022-04-23,PT,80376,0,0,0,0,1,0,0,0,0,0,SPA,1497
2,40,face-to-face,2,2023-11-07,BE,20607,1,0,0,0,0,0,1,0,1,0,FRE,7448
2,52,face-to-face,1,2022-01-07,FI,36486,0,0,0,0,0,0,0,0,1,0,ENG,7463
1,49,telephone,1,2024-10-21,IT,75875,0,0,0,0,0,0,1,0,0,0,ENG,7962
2,31,telephone,1,2023-03-05,GB,10653,1,0,0,0,1,0,1,0,1,1,ENG,5033
1,50,face-to-face,2,2023-12-11,ES,50915,0,0,1,0,0,0,1,1,0,0,SPA,7128
1,37,online,1,2024-10-01,FR,42489,1,0,0,0,0,0,0,0,1,1,FRE,6093
2,63,telephone,1,2022-07-07,NL,11113,0,0,0,0,1,1,0,0,1,1,ENG,7093
1,39,online,2,2023-04-06,IE,31558,0,0,1,0,1,0,1,0,0,1,ENG,1376
1,41,telephone,1,2022-03-21,IT,16204,0,0,0,0,0,0,0,0,1,1,ENG,5899
2,40,telephone,1,2024-08-24,SE,55404,0,0,1,0,1,0,1,0,1,1,ENG,6825
2,40,face-to-face,1,2022-09-03,PT,17459,1,0,0,0,1,0,0,0,1,1,SPA,8386
1,57,telephone,2,2023-10-30,NL,62264,0,0,0,0,0,0,0,0,1,1,ENG,8088
1,57,telephone,3,2022-01-28,DE,61446,0,1,0,0,0,0,0,0,1,0,GER,9719
1,47,face-to-face,1,2023-12-10,DE,95238,0,0,0,0,0,0,1,0,1,1,GER,6428
2,38,online,1,2022-02-27,DE,85355,0,0,0,0,0,0,1,0,1,0,GER,9383
2,41,face-to-face,3,2024-05-13,DK,35148,1,0,0,0,0,1,0,0,1,1,ENG,5427
1,54,face-to-face,3,2022-01-22,IT,15249,0,0,0,0,1,0,0,1,1,1,ENG,6323
2,52,face-to-face,3,2022-06-28,IE,36483,0,0,0,0,0,0,1,0,0,0,ENG,3730
1,54,telephone,3,2023-08-16,SE,80629,0,0,0,1,0,0,0,0,1,0,ENG,3830
2,35,online,2,2024-11-22,CH,61783,0,0,0,0,0,0,1,0,0,1,GER,4706
1,56,face-to-face,1,2023-06-20,DE,41832,0,0,1,0,0,0,1,0,1,1,GER,7080
1,54,face-to-face,2,2024-11-21,IT,93178,0,0,1,0,0,0,1,0,1,1,ENG,8370
2,39,telephone,1,2022-11-26,DE,44434,0,0,0,0,0,0,0,1,0,0,GER,2070
1,55,face-to-face,2,2024-08-19,CH,20215,0,1,1,0,1,0,0,0,1,1,GER,4897
2,37,online,1,2023-09-14,AT,99532,1,0,0,0,0,0,1,1,0,0,GER,5386
2,58,telephone,2,2022-12-18,NL,76176,0,0,0,0,1,0,1,1,1,1,ENG,7877
1,65,face-to-face,1,2022-10-28,CH,50558,0,0,0,0,1,0,0,0,1,1,GER,9236
1,47,telephone,1,2023-04-24,NO,63266,0,0,1,0,0,1,0,1,1,1,ENG,2195
2,57,telephone,1,2022-03-02,ES,61807,0,0,0,0,0,0,1,0,0,0,SPA,8098
1,51,telephone,2,2022-05-03,ES,40781,1,1,0,0,1,0,0,0,1,0,SPA,1106
2,56,face-to-face,3,2022-03-20,NO,39978,0,0,0,0,0,1,0,0,0,1,ENG,2635
2,12,online,1,2024-02-18,ES,86182,0,0,0,0,0,1,0,0,1,1,SPA,4210
2,47,face-to-face,2,2023-09-17,SE,35102,0,0,0,0,0,0,0,0,1,1,ENG,7658
2,63,face-to-face,1,2024-11-23,FI,10531,0,0,0,0,0,0,0,0,1,0,ENG,4012
2,43,telephone,1,2023-03-17,DK,62439,0,0,0,0,0,0,1,0,0,1,ENG,6384
1,55,face-to-face,3,2023-02-18,IE,17806,0,0,1,0,0,0,0,0,0,1,ENG,6486
1,44,face-to-face,3,2024-04-11,ES,87804,0,0,0,0,0,0,1,0,0,0,SPA,3708
1,64,face-to-face,3,2024-08-10,NO,48264,0,0,0,0,0,0,0,0,1,1,ENG,5483
2,31,online,1,2023-01-10,NO,76704,0,1,0,1,0,0,0,0,0,1,ENG,5205
1,42,telephone,2,2024-12-31,FR,30091,0,0,0,0,1,0,1,0,1,1,FRE,1665
1,52,telephone,1,2022-07-10,NO,11232,0,0,0,0,0,0,1,0,1,1,ENG,3529
2,48,face-to-face,1,2022-01-27,DE,62384,1,0,1,0,0,0,0,0,1,0,GER,5081
2,53,telephone,1,2022-07-20,AT,38534,0,0,0,0,0,1,0,1,0,1,GER,2991
2,33,online,2,2024-05-27,IT,58874,0,0,1,0,0,0,1,0,1,0,ENG,3065
1,30,online,1,2022-01-16,FR,89068,1,0,0,0,0,0,0,0,1,1,FRE,6399
2,59,face-to-face,2,2024-06-18,SE,54639,0,0,1,0,1,0,0,0,1,1,ENG,5679
1,41,face-to-face,3,2024-04-04,IE,57555,0,0,0,1,0,0,0,1,1,1,ENG,5783
1,54,face-to-face,3,2022-06-08,BE,32342,0,0,0,0,1,0,1,0,0,1,FRE,7582
2,55,face-to-face,1,2022-11-27,SE,79899,0,0,0,0,0,0,1,0,1,0,ENG,4790
1,44,telephone,1,2022-07-03,NL,83471,0,0,0,0,0,0,1,0,1,1,ENG,3191
1,42,face-to-face,1,2022-10-08,BE,40569,0,0,0,0,0,0,0,0,1,0,FRE,3056
1,52,face-to-face,2,2023-10-15,GB,61899,0,1,1,0,1,0,1,0,1,1,ENG,4250
2,47,face-to-face,2,2023-07-17,BE,45615,0,0,1,0,1,0,0,0,0,0,FRE,9509
1,46,face-to-face,1,2024-11-14,NO,44905,1,0,0,0,0,0,0,0,1,0,ENG,2339
2,45,telephone,2,2022-11-10,IE,18703,0,0,0,0,1,0,1,0,1,1,ENG,1406
2,50,face-to-face,2,2024-02-28,BE,44704,0,0,0,0,0,0,0,0,0,0,FRE,7302
1,60,face-to-face,2,2023-10-05,FI,47387,0,0,0,0,0,0,0,1,1,1,ENG,6607
1,37,telephone,1,2022-02-19,CH,66182,0,0,0,0,0,0,0,0,0,0,GER,8689
1,51,face-to-face,2,2023-08-22,IT,95443,1,0,0,0,0,0,1,1,0,0,ENG,2817
2,35,online,1,2024-03-19,IE,11628,0,0,1,1,0,0,0,0,1,0,ENG,9525
2,56,telephone,2,2022-03-25,BE,97901,0,0,1,1,0,0,1,0,0,0,FRE,8089
2,46,face-to-face,1,2023-02-15,NL,45874,0,0,0,0,1,0,0,0,1,0,ENG,2620
1,54,face-to-face,3,2022-05-06,BE,40569,0,0,0,0,0,0,0,0,1,1,FRE,8871
1,63,telephone,1,2024-07-21,NL,91249,1,1,0,0,1,0,1,0,1,0,ENG,1903
1,53,face-to-face,2,2023-02-05,GB,76682,1,0,1,1,1,0,1,0,1,0,ENG,4619
1,49,telephone,2,2022-06-28,GB,87349,1,0,0,0,0,0,0,0,1,0,ENG,7024
1,76,face-to-face,1,2024-07-05,NO,42463,0,0,0,1,0,0,0,0,1,1,ENG,4731
2,38,online,2,2023-12-05,SE,72064,0,0,0,0,1,0,0,0,1,0,ENG,9321
2,56,face-to-face,1,2023-10-18,GB,68903,0,0,0,0,0,0,0,1,1,0,ENG,2067
2,44,face-to-face,1,2022-10-14,BE,53160,0,0,0,0,0,0,0,0,1,0,FRE,1955
2,34,telephone,2,2022-04-13,FR,68211,0,0,0,0,0,0,0,0,0,0,FRE,3084
2,37,online,1,2024-06-29,IE,70636,0,0,0,0,0,1,1,0,1,1,ENG,6065
1,54,telephone,2,2024-06-11,PT,27120,0,0,0,0,0,0,0,1,1,0,SPA,2385
2,47,telephone,2,2022-03-09,NO,88033,0,0,0,0,0,0,0,0,1,1,ENG,9729
2,51,face-to-face,1,2023-05-31,NO,35763,0,0,0,0,0,0,0,0,1,1,ENG,1142
1,61,telephone,3,2022-04-10,NL,58827,1,0,0,0,0,0,1,0,1,1,ENG,5905
1,59,face-to-face,3,2023-11-22,SE,63432,0,0,0,0,1,0,1,0,0,1,ENG,5965
2,51,face-to-face,1,2023-07-17,BE,61185,0,0,0,1,0,0,1,0,1,1,FRE,7579
2,35,online,1,2022-08-14,NL,41542,0,0,0,1,0,0,0,0,1,1,ENG,4819
2,43,telephone,2,2024-09-09,FR,94353,0,0,1,0,0,0,1,0,1,1,FRE,3539
2,43,telephone,2,2023-02-23,NL,89948,1,0,0,0,0,0,0,0,1,1,ENG,5961
1,51,face-to-face,2,2024-07-25,GB,55996,1,0,0,1,0,0,0,0,0,1,ENG,5801
1,39,online,1,2024-05-26,NL,39284,0,0,0,0,0,0,0,1,0,1,ENG,7397
2,41,telephone,3,2022-09-20,CH,93023,0,0,0,0,0,0,0,0,1,1,GER,4947
2,34,online,3,2024-07-08,DE,45403,0,0,0,0,1,0,0,0,1,1,GER,5124
1,55,face-to-face,1,2024-01-06,SE,88761,0,0,0,0,0,0,1,1,1,0,ENG,3023
1,67,face-to-face,2,2022-05-19,IE,46659,0,0,0,0,1,0,0,1,1,0,ENG,9264
1,36,telephone,2,2024-07-01,FI,57962,0,0,0,0,1,0,0,1,1,1,ENG,1494
2,39,online,2,2023-10-03,DE,67787,0,0,1,1,0,0,0,0,0,0,GER,3999
1,64,telephone,2,2024-05-25,DE,45159,0,1,0,0,0,0,0,0,1,0,GER,1018
2,50,telephone,1,2023-01-06,PT,24601,0,1,0,0,0,1,1,0,0,1,SPA,2970
1,47,telephone,2,2023-11-18,FR,45253,0,0,1,0,0,0,1,0,1,0,FRE,5799
1,43,face-to-face,2,2024-11-10,NO,43676,0,0,1,0,0,0,0,0,1,1,ENG,6668
1,44,face-to-face,2,2022-04-30,IT,72127,0,0,0,0,0,0,0,0,0,0,ENG,5916
1,56,face-to-face,3,2022-07-19,GB,42177,0,0,0,0,1,0,0,0,1,0,ENG,3375
2,51,face-to-face,1,2024-05-30,AT,98709,0,1,0,0,0,0,1,0,1,1,GER,2055
1,48,face-to-face,2,2024-05-11,NL,74504,0,0,1,0,1,0,1,0,0,0,ENG,2780
2,24,online,1,2024-06-18,FR,57874,1,0,0,0,0,0,0,1,1,1,FRE,7167
2,46,telephone,2,2023-08-06,DE,96034,0,0,0,0,0,0,0,0,1,1,GER,1846
1,52,face-to-face,1,2023-05-22,IE,54394,0,0,0,0,0,0,0,0,1,1,ENG,4825
2,46,face-to-face,1,2022-11-04,ES,45423,0,1,1,0,0,0,0,0,1,1,SPA,3739
2,37,online,1,2022-09-09,IE,33819,0,0,0,0,0,0,1,0,1,1,ENG,5099
1,42,face-to-face,1,2023-06-23,FR,96208,1,0,0,0,1,0,0,0,1,1,FRE,7168
1,58,telephone,2,2023-10-11,DK,34470,0,1,0,0,0,0,1,1,1,1,ENG,9494
1,54,telephone,2,2024-01-16,IE,18055,0,0,0,0,1,0,1,0,0,0,ENG,5886
2,63,telephone,1,2022-11-05,NL,76342,0,0,0,0,1,0,0,0,0,0,ENG,7332
1,56,face-to-face,2,2024-01-07,ES,40400,0,1,1,0,0,0,0,0,1,1,SPA,4549
2,15,online,1,2024-12-03,NL,50905,0,0,0,0,1,0,0,0,1,1,ENG,1308
1,61,telephone,2,2022-03-09,DE,27628,0,0,0,0,0,0,0,0,0,1,GER,4554
2,28,telephone,3,2024-11-06,FI,93244,0,0,0,0,0,0,0,0,0,1,ENG,8475
1,60,face-to-face,2,2024-02-23,NO,97029,0,0,0,1,0,0,0,0,0,0,ENG,2237
1,44,face-to-face,3,2022-11-03,FR,17182,0,0,0,0,0,0,0,0,0,0,FRE,8101
1,32,online,3,2024-12-17,ES,69424,0,0,0,0,0,0,0,0,1,1,SPA,6644
2,44,telephone,1,2022-11-27,NO,41910,0,1,0,0,0,0,1,1,0,0,ENG,9082
1,41,face-to-face,1,2023-11-09,DK,73236,0,0,0,0,0,0,0,0,1,1,ENG,2805
2,72,telephone,2,2023-08-25,AT,37504,0,0,0,0,0,0,0,0,1,1,GER,3867
2,53,face-to-face,1,2022-09-29,BE,59785,0,0,0,0,0,0,1,0,1,0,FRE,6612
1,48,telephone,1,2023-02-28,BE,59751,0,0,0,0,0,0,1,1,1,1,FRE,8323
1,61,face-to-face,3,2023-02-18,PT,67349,0,0,0,0,0,0,0,0,0,0,SPA,7318
2,32,online,2,2022-03-05,PT,25307,1,0,0,0,0,0,0,0,1,1,SPA,7524
2,58,face-to-face,3,2022-06-14,PT,52390,0,0,0,0,1,0,1,0,1,0,SPA,8568
2,56,face-to-face,3,2024-06-01,DE,46039,0,0,1,0,1,0,0,0,1,1,GER,9782
1,52,face-to-face,3,2023-04-19,FR,40658,1,0,0,0,1,0,0,0,0,0,FRE,6686
2,51,face-to-face,2,2023-07-02,NL,43383,0,0,0,0,0,0,1,0,1,1,ENG,3283
1,53,face-to-face,3,2024-06-09,BE,55181,0,0,0,0,0,0,1,0,0,0,FRE,2359
2,56,telephone,1,2023-02-18,FR,17775,0,0,0,0,0,0,0,0,1,1,FRE,3820
2,67,telephone,1,2023-08-13,NL,54190,0,0,0,0,1,0,1,0,0,0,ENG,8709
2,60,face-to-face,3,2023-04-30,NO,55140,1,0,1,0,0,0,0,1,1,0,ENG,3789
1,40,face-to-face,1,2023-04-14,ES,86135,0,0,0,1,0,0,0,0,1,1,SPA,9960
2,51,face-to-face,3,2022-10-21,NO,97904,0,0,0,0,0,0,1,0,1,0,ENG,5025
1,68,telephone,3,2023-10-18,FR,41346,0,0,0,0,0,0,0,0,1,1,FRE,1451
1,53,face-to-face,2,2022-01-25,DK,25794,0,0,0,0,0,0,1,0,1,0,ENG,4233
1,47,telephone,2,2023-05-11,FI,16630,1,1,0,0,0,1,0,0,1,1,ENG,2072
1,31,online,2,2022-07-01,FR,56204,0,0,0,0,1,0,1,0,1,1,FRE,1117
2,49,face-to-face,3,2024-11-11,ES,90232,1,0,0,0,0,0,0,0,1,1,SPA,4392
1,44,telephone,3,2024-10-18,BE,54613,0,0,0,0,0,0,0,0,1,1,FRE,7554
2,65,face-to-face,1,2023-12-14,SE,16225,0,0,1,0,0,0,0,1,1,1,ENG,4903
2,51,face-to-face,1,2022-09-14,CH,71293,0,0,0,0,0,0,0,0,1,0,GER,2442
2,36,online,1,2022-12-02,FR,34226,0,0,0,0,0,0,1,1,0,0,FRE,3636
1,52,face-to-face,1,2022-06-28,SE,72520,0,0,0,1,0,0,1,0,1,1,ENG,1761
2,38,online,1,2023-04-05,GB,78023,0,0,0,0,0,0,1,1,0,0,ENG,9644
2,52,face-to-face,1,2023-12-29,IE,88819,0,0,0,0,1,0,0,0,1,1,ENG,3480
1,53,face-to-face,3,2024-02-26,GB,82301,0,0,0,0,0,0,0,0,1,0,ENG,7800
2,80,telephone,1,2022-02-07,NL,68614,0,0,0,0,1,0,1,0,1,0,ENG,4270
1,68,face-to-face,2,2024-04-02,CH,77228,0,0,0,0,0,0,1,0,1,0,GER,8249
2,47,face-to-face,1,2024-04-24,NL,73893,0,0,0,0,0,0,0,0,1,1,ENG,3458
1,65,telephone,3,2022-04-19,CH,99694,0,0,1,0,0,0,0,0,1,0,GER,4921
2,37,online,1,2023-10-07,AT,11667,0,0,1,0,0,0,0,0,0,0,GER,7154
1,35,online,1,2022-12-08,FI,15307,0,0,0,0,0,0,1,0,1,1,ENG,1768
1,47,face-to-face,1,2024-12-12,AT,19003,1,0,0,0,0,0,1,0,1,1,GER,7199
2,45,telephone,1,2024-07-10,BE,10764,0,1,0,0,0,0,1,1,0,0,FRE,5809
1,41,telephone,3,2024-05-27,BE,45341,1,0,0,0,0,0,0,0,1,1,FRE,5538
1,35,online,2,2023-07-20,PT,89963,0,0,0,0,0,0,0,0,1,1,SPA,9094
1,45,face-to-face,1,2023-07-16,ES,72405,0,0,0,1,1,0,1,1,1,0,SPA,5372
1,46,telephone,1,2022-11-04,NO,57873,0,0,1,0,0,0,0,1,1,0,ENG,9346
2,35,online,1,2023-11-21,SE,79793,0,1,0,0,0,0,0,0,1,0,ENG,7471
2,61,face-to-face,1,2024-01-13,ES,78774,0,0,0,0,0,0,0,0,1,1,SPA,2401
2,30,telephone,1,2023-09-20,GB,12675,0,0,0,0,1,0,0,0,0,0,ENG,6541
2,24,online,1,2024-12-07,DK,48801,0,1,0,0,0,0,0,0,0,1,ENG,2516
1,58,telephone,1,2022-11-25,FI,62096,0,0,0,0,0,0,0,0,1,1,ENG,5298
1,58,face-to-face,3,2024-07-06,DK,70214,1,1,1,0,0,0,0,0,1,0,ENG,5354
1,52,face-to-face,3,2024-04-04,AT,75201,0,0,1,1,1,0,0,0,1,1,GER,9008
2,46,face-to-face,3,2023-08-09,DK,55732,1,0,0,0,0,0,0,1,0,0,ENG,6493
1,41,face-to-face,3,2023-10-14,ES,97361,0,0,0,0,0,0,0,0,0,0,SPA,5173
2,45,face-to-face,1,2022-05-22,FI,43292,0,0,1,0,0,0,0,0,1,0,ENG,8388
1,53,face-to-face,2,2023-02-14,DE,81572,0,0,0,0,0,0,0,0,1,1,GER,6682
2,47,telephone,2,2024-11-28,ES,13782,0,0,0,0,0,0,0,0,1,1,SPA,3360
2,47,face-to-face,2,2023-03-12,FI,29655,1,0,0,0,0,0,0,0,0,0,ENG,5324
1,50,face-to-face,1,2023-12-29,CH,62331,0,0,0,0,0,0,0,0,1,1,GER,4820
1,53,telephone,2,2023-06-22,CH,56486,0,0,0,0,0,0,0,0,1,0,GER,8117
1,54,telephone,2,2023-02-22,DK,93414,0,0,1,0,0,0,0,0,1,1,ENG,5807
1,59,face-to-face,3,2023-01-19,DK,77320,1,0,0,0,0,0,1,0,1,0,ENG,2408
2,27,telephone,3,2024-09-03,FR,18400,0,0,0,0,0,0,1,0,1,1,FRE,5217
1,26,telephone,3,2022-02-11,DE,37396,0,0,0,0,0,0,1,0,1,1,GER,1683
2,64,face-to-face,2,2023-01-11,GB,86689,1,0,0,0,0,0,1,0,0,1,ENG,2074
2,51,face-to-face,1,2022-09-20,SE,88389,0,0,0,0,1,0,1,0,1,0,ENG,3159
1,44,face-to-face,1,2023-10-02,IE,35051,0,0,0,0,1,1,1,0,1,0,ENG,1282
1,39,online,1,2022-10-28,BE,34117,0,0,0,0,1,0,0,0,0,0,FRE,3044
2,25,online,1,2024-03-16,IE,32247,0,0,0,0,0,0,1,0,0,0,ENG,8279
2,42,telephone,3,2022-06-20,IT,50008,0,0,0,0,0,1,1,0,1,0,ENG,1808
1,61,face-to-face,2,2024-04-22,FI,38024,0,0,0,0,0,0,0,0,0,0,ENG,2532
2,55,face-to-face,1,2024-08-24,NO,10203,0,0,0,0,1,0,0,1,1,1,ENG,6363
1,48,face-to-face,2,2023-01-21,BE,74184,0,0,0,0,0,1,1,0,0,1,FRE,5204
1,72,telephone,2,2024-09-17,ES,77704,0,0,0,1,1,0,0,0,0,1,SPA,9176
2,48,telephone,1,2022-09-16,BE,49482,0,0,0,0,0,0,0,0,1,1,FRE,1761
1,54,telephone,1,2023-05-08,FI,86710,0,0,0,0,0,0,0,0,0,1,ENG,1501
2,40,face-to-face,2,2024-09-13,FR,56294,0,0,0,0,0,0,0,1,1,0,FRE,9302
2,67,face-to-face,2,2022-08-09,SE,76789,0,0,0,0,0,1,0,0,0,1,ENG,3174
2,24,online,3,2022-04-05,ES,49635,1,1,0,0,1,0,0,0,0,0,SPA,3628
2,65,face-to-face,2,2022-01-31,BE,69738,1,0,0,1,1,0,0,1,1,1,FRE,2708
1,62,telephone,3,2024-11-13,IE,76487,0,0,0,0,0,0,0,0,1,1,ENG,7264
1,25,online,2,2024-07-14,IE,54861,0,0,0,1,1,0,1,0,0,1,ENG,6940
2,72,face-to-face,1,2024-01-09,AT,10710,1,0,0,0,0,0,1,0,1,1,GER,5596
1,49,telephone,1,2022-03-28,FR,90449,0,1,0,0,0,0,1,0,1,1,FRE,9161
1,52,telephone,2,2022-11-14,NO,63554,0,0,0,0,1,1,0,0,1,0,ENG,9142
1,54,face-to-face,3,2023-06-27,AT,35224,0,0,0,0,1,0,0,0,1,0,GER,6392
2,52,telephone,1,2023-06-19,IT,66919,0,0,0,0,0,0,0,0,1,1,ENG,6885
1,35,telephone,3,2022-01-14,GB,18633,0,0,0,0,0,0,1,0,1,1,ENG,1758
1,50,telephone,1,2023-11-15,AT,95920,0,0,0,0,0,0,0,1,0,0,GER,2252
1,55,face-to-face,1,2024-05-12,FI,98547,0,0,0,0,1,0,0,0,1,1,ENG,3413
1,63,face-to-face,2,2023-11-09,ES,83005,0,0,0,0,0,0,0,0,0,0,SPA,1494
2,54,telephone,2,2023-01-08,BE,19010,1,0,0,0,0,0,1,0,0,0,FRE,7040
2,32,telephone,3,2023-12-15,CH,54412,0,1,0,0,0,0,0,0,1,1,GER,4711
2,31,online,3,2023-05-20,FR,40763,0,0,0,0,0,0,1,0,1,1,FRE,2756
1,50,telephone,2,2022-04-28,IE,14040,0,0,1,0,1,0,1,1,1,1,ENG,5128
1,52,telephone,2,2022-01-04,SE,94438,0,0,0,0,0,0,1,1,1,1,ENG,8845
2,39,online,1,2023-10-09,PT,82971,0,0,1,0,1,0,1,1,1,1,SPA,9513
1,57,face-to-face,2,2024-03-05,IT,21439,0,0,0,0,0,0,0,0,0,0,ENG,1857
2,49,telephone,2,2024-10-02,PT,79852,0,0,0,0,0,0,1,0,0,0,SPA,9045
2,45,face-to-face,2,2024-08-31,BE,94347,0,0,1,0,0,0,0,0,1,1,FRE,3277
1,45,telephone,3,2023-05-10,ES,74566,1,0,0,0,0,0,0,0,0,1,SPA,5957
2,34,telephone,2,2022-03-31,FR,24120,0,0,0,1,0,1,1,1,1,1,FRE,4475
2,51,telephone,2,2024-09-02,ES,40628,0,1,0,1,0,0,0,0,1,1,SPA,4590
1,61,telephone,2,2022-11-18,AT,13912,0,1,1,0,0,0,0,0,1,1,GER,4017
1,66,face-to-face,2,2023-12-12,FI,26582,0,0,0,0,0,0,0,0,1,1,ENG,5649
2,25,online,3,2023-12-24,CH,11231,0,0,0,0,0,0,1,1,0,0,GER,3553
1,50,telephone,1,2024-02-18,FI,23878,0,0,0,0,0,0,0,0,1,1,ENG,1345
2,39,online,2,2022-11-10,ES,59321,0,0,0,0,0,0,1,0,1,1,SPA,6941
2,63,face-to-face,1,2023-09-01,FR,42802,0,1,0,0,0,0,0,0,1,1,FRE,4678
2,50,face-to-face,1,2023-02-20,DK,22215,0,0,0,0,0,1,0,0,1,0,ENG,1685
1,46,face-to-face,2,2023-09-16,AT,13753,0,0,0,0,1,0,1,0,0,0,GER,3170
2,29,telephone,1,2024-03-12,DK,58834,0,0,0,0,0,0,0,0,1,1,ENG,2409
2,48,face-to-face,3,2023-08-02,DE,20985,0,0,0,0,0,0,1,0,1,1,GER,9505
2,41,face-to-face,1,2023-07-25,NL,10965,1,0,0,0,0,0,1,0,1,1,ENG,1617
2,44,telephone,3,2022-08-27,AT,32448,0,0,1,0,0,0,0,0,0,0,GER,6319
1,47,face-to-face,3,2023-05-07,SE,53556,0,0,0,1,0,1,0,0,1,0,ENG,5363
1,55,telephone,3,2023-12-06,GB,77898,0,0,0,1,1,0,1,0,0,0,ENG,3631
1,70,face-to-face,2,2023-10-27,ES,54122,0,0,0,1,0,0,0,0,1,1,SPA,7589
1,44,telephone,2,2023-12-15,FI,77033,0,0,0,0,0,0,0,1,1,1,ENG,9316
1,65,face-to-face,2,2024-01-25,NO,24808,0,0,0,0,0,0,0,0,1,1,ENG,8302
1,46,telephone,1,2024-05-27,CH,38717,0,0,0,0,0,0,0,0,1,0,GER,2424
1,40,face-to-face,1,2022-11-10,ES,19775,1,0,1,0,0,0,0,0,1,1,SPA,5459
1,39,online,2,2022-07-01,DE,80246,0,0,0,0,1,0,1,0,1,1,GER,4337
2,53,face-to-face,1,2023-09-07,CH,89242,0,0,0,0,0,0,1,1,1,1,GER,6710
1,50,face-to-face,1,2024-04-11,IE,59198,0,0,0,1,1,0,0,1,1,1,ENG,7283
1,47,face-to-face,2,2024-09-03,BE,81734,1,0,0,0,0,0,1,0,1,1,FRE,6247
2,44,face-to-face,1,2024-03-22,NL,50938,0,1,0,0,0,0,0,0,1,0,ENG,7156
1,52,face-to-face,1,2024-04-11,NL,36236,0,0,0,0,1,0,1,0,1,1,ENG,7827
2,47,face-to-face,3,2022-02-24,CH,51768,1,0,0,0,1,0,0,0,1,1,GER,2026
2,57,face-to-face,1,2022-06-10,PT,58516,0,0,0,0,0,0,0,0,1,1,SPA,5220
1,37,online,2,2023-05-21,DE,99850,0,0,0,0,0,0,0,0,1,0,GER,1195
2,50,telephone,1,2023-03-09,IE,92823,1,0,0,0,0,0,0,0,0,0,ENG,5991
2,65,face-to-face,1,2022-06-09,IT,50542,0,1,0,0,0,0,0,0,1,0,ENG,1459
1,50,telephone,1,2023-07-21,IE,61870,1,0,0,0,0,0,0,0,1,1,ENG,5122
2,36,online,1,2024-05-30,IT,22757,0,0,0,0,0,0,0,0,1,1,ENG,3159
1,53,telephone,2,2024-09-12,SE,31419,0,0,0,0,1,0,1,1,1,1,ENG,2965
2,48,face-to-face,1,2022-02-18,IE,84237,0,0,0,0,0,0,0,1,1,0,ENG,5997
1,50,face-to-face,2,2024-06-12,PT,65944,0,0,0,0,1,1,1,0,1,1,SPA,1526
1,42,face-to-face,3,2024-02-20,NL,82746,0,0,0,0,0,0,0,0,1,0,ENG,3266
2,30,online,1,2024-12-01,IT,76400,1,0,0,0,0,0,0,0,0,0,ENG,8711
2,30,online,2,2023-04-02,NO,20795,0,0,0,1,0,0,1,1,1,0,ENG,5288
2,66,telephone,3,2022-05-26,IE,67291,0,0,0,0,0,0,1,0,0,1,ENG,8994
1,50,face-to-face,1,2023-09-30,NL,35716,0,0,0,1,0,0,0,1,1,0,ENG,2848
2,36,online,2,2022-05-17,IT,98357,0,0,0,0,0,0,0,0,0,1,ENG,7922
2,65,telephone,3,2022-05-25,ES,99260,1,0,0,0,1,0,0,0,1,1,SPA,6766
1,65,telephone,2,2022-08-18,FI,59339,0,0,0,0,1,0,0,0,1,0,ENG,3646
2,57,face-to-face,1,2022-05-04,GB,17301,0,0,0,0,0,0,0,0,1,0,ENG,6207
2,62,telephone,3,2023-10-10,NO,96523,0,0,0,0,0,0,1,0,0,1,ENG,8175
2,61,face-to-face,1,2024-03-21,AT,59561,0,0,0,1,1,0,1,0,1,1,GER,1540
1,49,telephone,3,2023-06-04,CH,93881,0,0,1,0,0,0,0,1,1,0,GER,6386
2,42,face-to-face,1,2024-01-07,FR,15188,0,0,0,0,1,0,0,0,1,1,FRE,9939
1,49,telephone,1,2023-07-20,AT,51768,0,0,0,0,0,0,0,0,1,0,GER,3405
2,60,telephone,2,2023-06-02,FI,23398,0,0,0,0,0,0,0,0,1,0,ENG,5180
2,44,face-to-face,2,2024-12-04,DE,25956,0,0,1,0,0,0,1,1,0,0,GER,7846
1,62,telephone,3,2022-03-11,FI,46883,0,1,0,0,0,0,0,0,0,1,ENG,3291
2,33,online,3,2022-05-16,BE,48804,1,0,1,0,1,0,1,0,1,1,FRE,1562
2,61,face-to-face,3,2022-02-12,IE,58480,0,0,0,0,0,0,1,0,1,0,ENG,6448
2,54,face-to-face,3,2023-07-03,CH,64477,0,0,1,0,0,1,0,0,0,0,GER,5361
2,63,face-to-face,3,2024-08-19,IE,49030,0,0,1,0,1,0,0,1,1,1,ENG,8577
2,38,telephone,1,2022-01-14,GB,53822,1,0,0,1,1,0,0,0,0,1,ENG,2158
1,55,telephone,2,2023-08-19,BE,18005,0,0,0,0,0,0,1,0,0,0,FRE,3648
2,32,online,1,2023-08-23,ES,62114,0,0,0,0,1,0,0,0,0,0,SPA,9782
2,46,telephone,1,2023-10-05,BE,10056,0,0,0,0,0,0,1,0,1,1,FRE,7666
1,58,face-to-face,3,2024-10-14,GB,20774,1,0,0,0,0,1,0,1,1,1,ENG,6693
2,50,face-to-face,1,2022-06-26,FR,75351,0,0,0,0,0,0,0,0,1,0,FRE,3197
2,45,telephone,2,2023-12-29,SE,68330,0,0,0,0,0,0,0,0,0,0,ENG,7831
2,62,face-to-face,1,2022-05-29,IE,62737,0,0,0,1,0,0,0,1,1,0,ENG,7429
2,49,telephone,1,2024-08-19,NL,13679,0,0,0,0,1,0,0,1,0,1,ENG,1157
1,58,face-to-face,1,2023-07-15,BE,77357,0,0,0,0,0,1,1,0,1,1,FRE,4802
1,58,telephone,2,2023-05-31,DK,75974,0,0,0,0,0,0,0,0,1,1,ENG,8222
2,40,telephone,1,2023-11-16,IT,79536,0,0,0,0,1,0,1,1,1,1,ENG,6114
1,50,face-to-face,1,2024-07-19,SE,22754,0,0,0,0,0,0,1,0,1,0,ENG,5427
2,59,face-to-face,1,2023-06-01,FI,48052,0,0,0,0,0,0,1,0,1,1,ENG,9468
2,50,telephone,1,2023-12-14,BE,23569,0,0,0,0,1,0,0,1,1,0,FRE,6170
2,38,online,1,2023-02-15,IE,85112,1,0,0,1,0,0,1,0,1,0,ENG,6203
1,62,face-to-face,2,2024-06-10,DE,11863,0,0,0,0,1,0,0,0,1,0,GER,8436
2,47,telephone,3,2022-09-13,NL,24537,0,0,1,0,0,0,1,0,1,1,ENG,7267
2,49,telephone,3,2024-03-14,NL,32546,0,0,0,0,0,0,0,0,1,0,ENG,1608
1,67,face-to-face,3,2022-03-14,NL,22392,0,0,0,0,0,0,0,0,0,0,ENG,8184
2,59,face-to-face,3,2023-05-16,GB,82057,1,1,0,0,0,0,0,0,0,0,ENG,8354
1,57,telephone,3,2023-10-28,DK,58872,0,0,0,0,1,0,0,1,0,1,ENG,1521
1,47,face-to-face,1,2022-02-09,PT,49165,0,0,0,0,0,0,0,0,1,1,SPA,6306
1,49,telephone,1,2024-03-13,GB,35289,1,0,0,0,1,0,0,0,0,0,ENG,6550
2,36,online,1,2022-12-19,NO,26098,0,0,0,1,1,0,0,0,1,0,ENG,6796
1,61,face-to-face,3,2022-05-25,IT,79424,0,0,0,0,0,0,1,0,0,0,ENG,7707
1,39,telephone,2,2022-12-02,BE,60669,0,0,0,0,1,0,0,0,0,0,FRE,1707
2,51,telephone,1,2024-02-12,NL,20378,0,0,0,0,0,0,1,0,1,1,ENG,2926
2,45,telephone,1,2023-05-15,PT,25357,0,0,1,0,1,0,0,0,1,1,SPA,5661
2,46,telephone,1,2022-04-29,IE,63863,0,0,1,0,0,0,1,0,1,1,ENG,9941
2,72,face-to-face,1,2024-11-20,GB,32163,1,0,0,0,0,0,1,0,1,0,ENG,3380
1,56,telephone,3,2023-07-25,PT,47023,0,0,0,1,1,0,1,0,0,0,SPA,1014
2,45,telephone,1,2024-05-31,NL,73513,0,0,0,0,0,0,0,0,1,1,ENG,1545
2,41,telephone,1,2023-02-08,FR,78352,0,0,0,0,1,0,1,0,1,1,FRE,1757
2,67,telephone,2,2022-06-09,AT,65930,0,0,0,0,1,0,1,1,0,0,GER,7126
1,47,telephone,1,2022-09-15,FI,36208,1,0,1,0,1,0,0,0,0,0,ENG,5934
1,57,face-to-face,3,2023-03-04,BE,47037,0,0,0,0,0,0,0,0,1,1,FRE,2386
2,61,face-to-face,2,2022-10-31,NL,24770,0,0,0,0,1,0,1,0,1,0,ENG,5162
1,51,telephone,1,2024-02-11,CH,80733,0,0,0,0,0,0,0,0,0,1,GER,9928
2,40,face-to-face,1,2023-02-04,NO,90416,0,0,0,0,0,0,0,0,1,1,ENG,9343
1,35,telephone,2,2022-05-04,IE,57673,0,0,0,0,1,0,0,0,0,0,ENG,2100
1,43,face-to-face,1,2022-11-04,ES,17863,0,1,0,0,1,0,0,0,1,1,SPA,8444
1,59,face-to-face,2,2024-01-01,SE,47628,0,0,1,0,1,0,0,1,1,1,ENG,7885
1,46,telephone,1,2022-03-21,SE,57740,0,0,0,0,1,0,1,1,1,1,ENG,8574
2,53,face-to-face,1,2022-11-05,IT,96151,0,0,0,0,0,0,0,0,1,1,ENG,3808
1,41,telephone,1,2022-04-14,NL,78386,0,0,0,0,0,0,0,0,1,1,ENG,4368
1,58,face-to-face,1,2024-03-12,DE,56891,0,0,0,0,0,0,1,0,1,0,GER,6973
1,46,face-to-face,1,2023-02-16,CH,40999,0,0,0,0,0,0,1,0,1,1,GER,4815
1,46,telephone,1,2022-07-19,SE,27191,0,0,0,0,0,0,1,0,1,0,ENG,6038
1,49,face-to-face,1,2022-12-28,FR,49848,0,0,0,0,0,0,1,0,1,1,FRE,9109
2,45,face-to-face,2,2022-07-19,NO,30779,0,0,0,0,0,0,0,0,1,0,ENG,6902
1,45,face-to-face,3,2023-08-11,AT,96661,0,0,1,0,0,0,1,0,0,0,GER,8277
2,62,face-to-face,2,2023-11-15,FI,15153,0,0,0,0,0,0,1,0,1,1,ENG,5884
2,42,telephone,2,2024-10-03,FR,81016,0,0,0,0,0,0,0,0,1,1,FRE,5712
1,40,face-to-face,1,2022-06-05,FR,51962,1,0,0,0,1,0,1,1,1,1,FRE,5254
1,49,face-to-face,2,2022-04-11,NO,43753,1,0,0,0,0,0,0,0,0,0,ENG,4733
2,54,face-to-face,2,2022-09-02,FR,73897,0,0,0,0,1,0,0,1,1,0,FRE,2253
1,54,telephone,2,2024-11-14,SE,83953,0,0,0,0,0,0,0,1,0,1,ENG,5796
1,35,online,1,2022-03-17,ES,21571,1,1,0,0,0,0,0,0,0,0,SPA,8264
1,65,telephone,1,2022-11-25,AT,62019,0,0,0,0,0,0,0,0,1,1,GER,1696
2,61,face-to-face,3,2022-11-23,IE,18494,1,0,0,0,1,0,1,0,0,1,ENG,9108
1,42,face-to-face,3,2022-07-05,DE,62232,1,1,0,0,1,0,0,0,1,1,GER,3046
2,41,face-to-face,1,2024-03-30,NO,78736,0,0,0,0,0,0,1,1,1,1,ENG,8506
1,41,face-to-face,2,2023-10-19,DE,88026,0,0,0,0,1,0,1,0,1,1,GER,9805
2,72,telephone,1,2022-04-03,IT,44618,0,0,0,0,0,0,1,0,1,0,ENG,4866
1,45,face-to-face,1,2023-08-21,ES,53706,0,0,0,1,0,0,1,0,1,1,SPA,4991
1,51,face-to-face,2,2022-07-11,IT,76427,0,0,0,0,0,0,0,1,1,1,ENG,8650
2,45,face-to-face,2,2024-09-12,DK,73753,0,0,0,0,0,0,0,0,1,0,ENG,2503
1,52,telephone,1,2023-01-27,AT,94505,0,0,0,0,0,0,1,0,0,1,GER,5424
1,50,face-to-face,1,2023-08-23,GB,12708,0,0,0,0,0,0,0,0,1,0,ENG,9332
2,35,online,3,2023-04-04,CH,44835,1,0,0,0,0,0,0,0,0,0,GER,5932
1,53,face-to-face,2,2024-04-07,PT,57168,1,0,1,0,0,0,0,0,0,0,SPA,8551
2,53,telephone,2,2023-03-01,NO,75452,1,0,0,0,1,0,0,0,1,0,ENG,7967
1,48,telephone,2,2023-05-19,NL,93949,0,0,0,0,0,0,0,1,1,1,ENG,3348
2,32,online,1,2023-09-20,SE,13164,1,0,0,0,0,0,0,0,1,1,ENG,7340
1,54,telephone,2,2022-02-17,ES,56665,0,0,0,0,0,0,1,0,0,0,SPA,7003
2,56,telephone,1,2022-04-13,FI,26687,0,0,0,0,0,0,0,0,1,1,ENG,1509
1,46,face-to-face,3,2024-05-04,PT,88311,0,0,0,0,0,0,0,0,1,0,SPA,6999
1,62,telephone,2,2022-09-21,FR,86124,0,0,0,1,0,0,0,0,1,1,FRE,8270
2,54,face-to-face,2,2023-08-17,IT,60302,0,0,0,1,0,0,0,0,1,1,ENG,2913
2,50,telephone,2,2022-03-12,IE,71229,0,0,0,0,1,0,0,0,0,1,ENG,3740
2,38,online,2,2024-11-11,FR,84301,0,0,0,0,1,0,1,1,0,0,FRE,1788
2,65,face-to-face,3,2023-03-07,IE,47481,1,1,0,1,0,0,1,0,0,0,ENG,7128
1,43,face-to-face,1,2024-07-23,PT,74275,0,0,0,0,0,0,1,0,1,0,SPA,5690
1,40,telephone,1,2023-07-12,DE,20512,0,0,0,0,1,0,1,0,0,0,GER,1090
2,55,face-to-face,2,2024-02-24,FR,88112,1,0,0,0,0,0,0,1,0,0,FRE,8692
1,38,online,1,2022-06-12,AT,27735,1,0,0,0,0,0,1,0,0,0,GER,8142
2,49,face-to-face,2,2024-01-31,FI,85959,0,0,1,0,0,0,0,1,1,1,ENG,6982
1,53,face-to-face,2,2024-10-28,FR,67172,0,0,0,0,1,1,0,0,1,1,FRE,5699
2,35,telephone,1,2024-06-17,NO,78181,0,0,1,0,0,0,0,1,1,0,ENG,9489
2,45,face-to-face,3,2022-03-04,NL,58127,1,0,0,1,0,0,0,0,1,0,ENG,4550
1,50,face-to-face,1,2023-12-04,GB,41809,0,0,0,0,0,0,1,0,1,1,ENG,9814
2,34,online,1,2022-08-15,ES,89307,1,0,0,0,0,0,0,1,1,0,SPA,8619
2,47,face-to-face,1,2024-08-24,ES,99020,0,0,0,1,0,0,0,0,1,1,SPA,3225
1,40,face-to-face,3,2022-06-19,CH,67896,0,0,0,0,0,0,1,0,0,1,GER,3356
1,58,face-to-face,2,2022-03-02,AT,19403,1,0,0,0,0,0,0,0,1,0,GER,6524
2,36,online,3,2022-09-01,FI,46788,0,0,0,0,0,1,1,0,1,1,ENG,6295
1,33,online,2,2024-04-12,IE,98915,0,0,0,0,0,0,0,0,0,0,ENG,6812
2,61,face-to-face,3,2024-02-18,AT,30344,0,0,0,0,0,0,0,0,0,0,GER,9612
1,32,online,1,2022-06-19,AT,84704,0,0,0,0,1,0,0,0,0,1,GER,2680
1,50,telephone,1,2024-02-04,BE,53318,0,0,1,0,1,0,0,0,0,0,FRE,6062
1,46,face-to-face,1,2024-09-30,FI,43043,0,0,0,0,1,0,0,0,1,0,ENG,7341
2,44,telephone,2,2022-09-14,FR,79485,0,0,0,0,0,0,1,1,1,1,FRE,8631
1,61,telephone,1,2022-09-04,IE,45595,0,0,1,0,0,0,0,0,1,1,ENG,6726
1,37,telephone,3,2022-11-05,ES,83167,1,0,0,0,1,0,1,0,0,0,SPA,5619
2,41,face-to-face,1,2023-04-05,FR,79441,0,0,1,0,0,0,1,0,1,1,FRE,9047
2,39,telephone,3,2024-05-10,DK,87296,0,0,0,0,1,1,1,0,1,0,ENG,2414
2,45,face-to-face,2,2024-03-05,SE,21493,0,0,0,0,0,0,0,0,0,0,ENG,8944
1,44,face-to-face,2,2024-11-29,NO,86355,0,0,0,0,0,0,0,0,1,0,ENG,8693
2,38,online,1,2024-05-17,ES,78641,0,0,0,0,0,0,0,0,0,0,SPA,2915
1,52,face-to-face,1,2024-05-17,DK,97525,0,0,0,0,1,0,0,1,1,1,ENG,2865
2,50,face-to-face,3,2022-11-28,ES,94190,0,0,0,0,1,0,0,0,1,1,SPA,6204
2,47,telephone,1,2022-04-29,PT,89594,0,0,0,0,0,0,1,0,0,1,SPA,1401
2,32,telephone,1,2024-03-23,FI,47960,0,0,0,0,0,0,1,0,0,0,ENG,1511
2,50,telephone,2,2022-05-24,GB,69138,0,0,1,1,0,0,0,0,0,1,ENG,9072
2,50,telephone,2,2022-04-29,NO,23488,0,0,0,0,0,0,1,0,1,0,ENG,1435
2,42,face-to-face,2,2022-07-24,FI,93421,0,0,0,0,0,0,0,0,0,1,ENG,5107
1,54,face-to-face,2,2022-09-15,GB,61127,0,0,0,0,1,0,0,0,1,1,ENG,2119
2,60,telephone,2,2022-11-05,PT,14587,0,0,0,0,0,0,0,1,1,1,SPA,8902
1,51,face-to-face,2,2022-09-28,NL,28825,1,0,0,0,0,0,1,0,1,1,ENG,5679
2,54,face-to-face,1,2024-11-01,FR,60590,0,0,1,0,1,0,0,0,1,1,FRE,7686
2,60,face-to-face,1,2024-08-09,BE,72542,0,0,0,0,0,0,0,0,1,1,FRE,5318
2,65,face-to-face,2,2023-05-28,SE,42101,0,0,0,0,1,0,0,0,0,1,ENG,2847
1,51,face-to-face,3,2023-05-08,DE,45361,0,0,0,0,0,0,1,0,0,1,GER,1070
1,47,face-to-face,1,2023-05-27,CH,52727,0,0,0,0,0,0,1,0,1,1,GER,2470
1,49,telephone,2,2022-08-06,NL,60234,0,0,0,0,1,0,0,1,1,0,ENG,6836
2,58,face-to-face,2,2023-01-15,GB,56990,0,0,0,0,1,0,0,1,1,0,ENG,2286
2,52,telephone,2,2024-08-08,ES,56139,0,0,0,0,0,0,0,0,0,1,SPA,2120
1,39,online,2,2023-08-08,BE,91916,0,0,0,0,1,0,1,0,1,1,FRE,5045
1,46,telephone,2,2023-08-10,CH,74445,0,0,0,0,1,0,0,0,0,0,GER,7842
2,42,telephone,3,2023-09-25,ES,13539,0,0,0,1,0,0,1,0,1,1,SPA,6739
1,52,telephone,3,2023-02-12,FR,47668,0,0,0,0,0,0,1,0,0,0,FRE,2819
2,25,online,2,2023-11-25,NL,46706,0,0,0,1,0,0,1,1,1,0,ENG,1661
2,69,telephone,1,2023-08-06,NO,57034,1,0,0,0,1,0,0,0,1,1,ENG,8536
1,51,telephone,3,2024-05-03,IE,82806,0,0,0,0,1,0,1,0,0,0,ENG,5054
1,60,telephone,3,2022-08-19,PT,60705,1,0,0,0,0,0,1,0,1,1,SPA,5683
1,62,face-to-face,1,2022-05-22,BE,76415,1,1,0,0,0,0,0,0,1,1,FRE,4449
2,62,face-to-face,3,2022-08-03,GB,60969,0,0,0,1,0,0,1,0,1,0,ENG,2909
2,53,face-to-face,1,2024-10-16,DK,64927,0,0,0,1,0,0,0,0,1,1,ENG,7338
2,45,telephone,1,2023-09-17,IT,44722,0,1,0,0,0,0,0,1,1,1,ENG,2237
1,59,face-to-face,3,2022-10-31,CH,93076,0,0,0,0,1,0,0,0,1,0,GER,6796
2,49,telephone,2,2022-05-26,IT,27770,0,0,0,0,0,0,0,0,0,0,ENG,8423
1,74,telephone,3,2024-03-13,FI,19897,1,0,0,0,0,0,0,1,0,0,ENG,8863
2,57,telephone,2,2022-04-27,AT,72679,0,0,0,0,0,0,0,0,0,1,GER,9088
2,47,face-to-face,3,2023-12-29,IT,41776,0,1,0,0,0,0,1,0,0,0,ENG,9502
2,45,face-to-face,1,2022-03-03,AT,83148,0,0,0,0,0,0,0,0,1,1,GER,3608
2,34,telephone,2,2024-08-11,NO,89070,0,0,0,0,0,0,0,0,1,1,ENG,7970
1,57,telephone,3,2024-11-11,NL,69626,0,0,0,0,0,0,0,0,0,1,ENG,5963
1,51,telephone,3,2022-04-25,AT,80501,1,0,0,0,0,0,0,0,0,0,GER,5600
1,42,telephone,1,2022-05-03,AT,13800,1,0,0,0,1,0,1,0,0,0,GER,3191
1,64,telephone,2,2024-11-02,DK,55900,0,0,0,0,0,0,0,0,1,0,ENG,7834
2,44,face-to-face,2,2022-04-22,GB,87475,0,0,0,0,1,0,0,0,0,1,ENG,4979
1,56,telephone,2,2023-08-26,CH,20761,1,0,0,1,0,0,0,1,0,1,GER,1716
1,43,face-to-face,1,2022-01-11,DE,41649,1,0,0,1,0,0,1,0,1,1,GER,3352
1,39,telephone,3,2022-09-27,GB,84769,0,0,1,0,0,0,1,0,1,1,ENG,1444
1,44,telephone,2,2024-10-22,DK,96715,1,0,0,0,1,0,0,0,1,1,ENG,8525
1,39,telephone,3,2023-01-29,FI,33687,1,0,0,0,1,0,1,0,1,0,ENG,2351
1,55,telephone,3,2022-02-18,PT,87987,1,0,0,0,1,0,0,0,1,0,SPA,2239
2,43,face-to-face,3,2022-09-29,FR,57395,0,0,1,0,1,0,0,0,1,1,FRE,5073
1,40,face-to-face,1,2024-02-23,IT,84016,1,0,0,0,1,0,0,0,1,1,ENG,7821
2,28,online,3,2023-08-13,NL,26700,0,1,0,0,0,0,0,0,1,0,ENG,9775
1,33,online,1,2022-10-12,IT,57399,1,0,0,1,0,1,0,0,1,1,ENG,3910
1,45,face-to-face,3,2023-12-28,BE,17493,1,0,1,0,0,0,0,1,1,1,FRE,2204
2,77,telephone,1,2024-04-25,DK,89871,0,0,0,0,1,0,0,0,0,0,ENG,1208
2,52,face-to-face,3,2022-05-26,FI,20819,0,0,0,0,1,0,1,0,1,1,ENG,4022
2,45,face-to-face,2,2023-04-15,NO,37480,0,0,0,0,0,0,1,0,1,1,ENG,2041
1,45,face-to-face,1,2024-08-01,NO,81770,0,0,0,0,0,0,1,1,1,1,ENG,6516
1,43,telephone,1,2024-11-03,GB,91124,0,0,1,0,0,0,1,0,0,0,ENG,6668
2,55,telephone,1,2024-04-07,IT,82111,0,1,0,0,0,0,0,0,1,1,ENG,5157
1,47,telephone,2,2024-05-01,FR,35378,0,0,0,0,0,0,0,0,0,0,FRE,6963
1,45,face-to-face,1,2022-05-13,CH,21157,0,0,0,0,1,0,0,0,1,1,GER,1605
2,62,face-to-face,1,2024-07-30,DK,98545,0,0,1,0,0,0,0,0,1,1,ENG,7266
2,23,online,1,2024-05-17,IT,95665,0,0,0,0,0,0,0,0,0,0,ENG,6706
2,32,online,3,2023-10-23,AT,55976,1,0,0,0,0,0,0,1,0,0,GER,7551
1,44,face-to-face,3,2023-06-24,FR,48830,0,0,0,0,0,0,0,0,1,1,FRE,4342
1,50,face-to-face,1,2023-07-29,PT,57463,0,1,0,0,1,0,1,1,1,1,SPA,8388
2,39,online,2,2022-07-12,NL,52520,0,0,0,1,0,0,0,1,1,1,ENG,3833
2,59,telephone,1,2022-07-18,DK,32203,0,1,0,0,0,0,0,0,0,0,ENG,3243
1,56,face-to-face,2,2022-04-20,GB,43305,0,0,0,1,0,0,1,0,1,1,ENG,5774
1,32,telephone,3,2023-06-01,BE,64687,0,0,0,0,0,0,0,0,1,0,FRE,7248
1,46,face-to-face,1,2022-09-21,BE,84225,0,0,0,0,1,0,0,1,1,0,FRE,3109
2,56,telephone,1,2024-05-25,ES,41542,0,0,0,0,0,0,0,0,0,1,SPA,6491
2,27,online,2,2022-12-11,IT,75016,1,0,1,0,1,0,1,1,1,0,ENG,3151
1,57,face-to-face,2,2022-09-23,ES,75370,0,0,0,0,0,0,0,0,1,0,SPA,2366
1,41,face-to-face,1,2023-06-08,SE,60698,0,0,0,0,0,0,1,0,1,1,ENG,2482
1,37,telephone,1,2022-08-10,BE,69909,0,0,0,0,1,1,0,0,1,1,FRE,3747
2,49,telephone,1,2022-11-16,NL,80766,0,0,0,0,1,0,1,0,0,1,ENG,6148
1,40,face-to-face,1,2024-05-19,GB,46842,0,0,0,0,0,0,0,1,1,0,ENG,7933
1,59,telephone,2,2022-10-20,GB,98535,1,0,0,0,0,0,1,1,0,0,ENG,1784
1,52,telephone,3,2022-10-25,PT,17751,0,1,0,0,0,0,0,1,0,0,SPA,6498
1,59,face-to-face,3,2023-02-22,IT,69056,1,0,1,0,0,0,0,0,1,1,ENG,6162
2,51,face-to-face,1,2023-04-29,GB,40072,1,0,0,0,0,0,0,0,1,0,ENG,8582
1,61,telephone,2,2024-08-26,BE,18686,0,0,0,0,0,0,0,0,1,1,FRE,7124
1,62,telephone,2,2024-06-28,NL,68342,0,0,0,0,1,0,0,1,0,0,ENG,3335
1,53,face-to-face,1,2022-01-24,IE,44257,0,0,0,0,0,0,1,0,1,1,ENG,1337
1,52,telephone,2,2024-06-22,CH,63830,0,0,0,0,0,0,1,0,1,1,GER,1237
1,40,face-to-face,1,2024-07-19,CH,46526,0,0,0,0,0,0,0,0,1,1,GER,7301
1,38,online,1,2024-07-27,ES,25217,0,0,0,0,1,0,0,1,0,0,SPA,8551
